........................................................................ [  6%]
........................................................................ [ 12%]
........................................................................ [ 18%]
........................................................................ [ 24%]
.............FF......................................................... [ 30%]
........................................................................ [ 36%]
.......................FF............................................... [ 42%]
........................................................................ [ 48%]
...............................................EEEEE.E.................. [ 55%]
..F..................................................................... [ 61%]
........................................................................ [ 67%]
........................................................................ [ 73%]
........................................................................ [ 79%]
......................................F.....F........................... [ 85%]
........................................................................ [ 91%]
........................................................................ [ 97%]
..........................                                               [100%]
==================================== ERRORS ====================================
_____ ERROR at setup of test_clean_wheel_chat_learns_queries_and_restarts ______

tmp_path_factory = TempPathFactory(_given_basetemp=None, _trace=<pluggy._tracing.TagTracerSub object at 0x7efce516df50>, _basetemp=PosixPath('/tmp/pytest-of-billy/pytest-172'), _retention_count=3, _retention_policy='all')

    @pytest.fixture(scope="module")
    def installed_wheel(tmp_path_factory):
        base = tmp_path_factory.mktemp("ocm-wheel")
        source = base / "source"
        source.mkdir()
        shutil.copytree(ROOT / "src", source / "src", ignore=shutil.ignore_patterns("__pycache__", "*.egg-info"))
        for name in ("pyproject.toml", "LICENSE", "NOTICE"):
            shutil.copyfile(ROOT / name, source / name)
        wheelhouse = base / "wheels"
        wheelhouse.mkdir()
        # CI uses the declared build dependencies. The Work runtime also exposes an
        # installed build interpreter; no test downloads dependencies from a network.
        builder = sys.executable
        if importlib.util.find_spec("setuptools") is None or importlib.util.find_spec("wheel") is None:
            builder = os.environ.get("CODEX_PRIMARY_RUNTIME_PYTHON", builder)
>       built = subprocess.run(
            [builder, "-c", "from setuptools.build_meta import build_wheel; import sys; build_wheel(sys.argv[1])", str(wheelhouse)],
            cwd=source, capture_output=True, text=True,
        )

tests/test_distribution.py:34: 
_ _ _ _ _ _ _ _ _ _ _ _ _ _ _ _ _ _ _ _ _ _ _ _ _ _ _ _ _ _ _ _ _ _ _ _ _ _ _ _ 
../../../.local/share/uv/python/cpython-3.11.14-linux-x86_64-gnu/lib/python3.11/subprocess.py:548: in run
    with Popen(*popenargs, **kwargs) as process:
../../../.local/share/uv/python/cpython-3.11.14-linux-x86_64-gnu/lib/python3.11/subprocess.py:1026: in __init__
    self._execute_child(args, executable, preexec_fn, close_fds,
_ _ _ _ _ _ _ _ _ _ _ _ _ _ _ _ _ _ _ _ _ _ _ _ _ _ _ _ _ _ _ _ _ _ _ _ _ _ _ _ 

self = <Popen: returncode: 255 args: ['/home/billy/.cache/uv/builds-v0/.tmpoe5TMd/b...>
args = ['/home/billy/.cache/uv/builds-v0/.tmpoe5TMd/bin/python', '-c', 'from setuptools.build_meta import build_wheel; import sys; build_wheel(sys.argv[1])', '/tmp/pytest-of-billy/pytest-172/ocm-wheel0/wheels']
executable = b'/home/billy/.cache/uv/builds-v0/.tmpoe5TMd/bin/python'
preexec_fn = None, close_fds = True, pass_fds = ()
cwd = PosixPath('/tmp/pytest-of-billy/pytest-172/ocm-wheel0/source'), env = None
startupinfo = None, creationflags = 0, shell = False, p2cread = -1
p2cwrite = -1, c2pread = 12, c2pwrite = 13, errread = 14, errwrite = 15
restore_signals = True, gid = None, gids = None, uid = None, umask = -1
start_new_session = False, process_group = -1

    def _execute_child(self, args, executable, preexec_fn, close_fds,
                       pass_fds, cwd, env,
                       startupinfo, creationflags, shell,
                       p2cread, p2cwrite,
                       c2pread, c2pwrite,
                       errread, errwrite,
                       restore_signals,
                       gid, gids, uid, umask,
                       start_new_session, process_group):
        """Execute program (POSIX version)"""
    
        if isinstance(args, (str, bytes)):
            args = [args]
        elif isinstance(args, os.PathLike):
            if shell:
                raise TypeError('path-like args is not allowed when '
                                'shell is true')
            args = [args]
        else:
            args = list(args)
    
        if shell:
            # On Android the default shell is at '/system/bin/sh'.
            unix_shell = ('/system/bin/sh' if
                      hasattr(sys, 'getandroidapilevel') else '/bin/sh')
            args = [unix_shell, "-c"] + args
            if executable:
                args[0] = executable
    
        if executable is None:
            executable = args[0]
    
        sys.audit("subprocess.Popen", executable, args, cwd, env)
    
        if (_USE_POSIX_SPAWN
                and os.path.dirname(executable)
                and preexec_fn is None
                and not close_fds
                and not pass_fds
                and cwd is None
                and (p2cread == -1 or p2cread > 2)
                and (c2pwrite == -1 or c2pwrite > 2)
                and (errwrite == -1 or errwrite > 2)
                and not start_new_session
                and process_group == -1
                and gid is None
                and gids is None
                and uid is None
                and umask < 0):
            self._posix_spawn(args, executable, env, restore_signals,
                              p2cread, p2cwrite,
                              c2pread, c2pwrite,
                              errread, errwrite)
            return
    
        orig_executable = executable
    
        # For transferring possible exec failure from child to parent.
        # Data format: "exception name:hex errno:description"
        # Pickle is not used; it is complex and involves memory allocation.
        errpipe_read, errpipe_write = os.pipe()
        # errpipe_write must not be in the standard io 0, 1, or 2 fd range.
        low_fds_to_close = []
        while errpipe_write < 3:
            low_fds_to_close.append(errpipe_write)
            errpipe_write = os.dup(errpipe_write)
        for low_fd in low_fds_to_close:
            os.close(low_fd)
        try:
            try:
                # We must avoid complex work that could involve
                # malloc or free in the child process to avoid
                # potential deadlocks, thus we do all this here.
                # and pass it to fork_exec()
    
                if env is not None:
                    env_list = []
                    for k, v in env.items():
                        k = os.fsencode(k)
                        if b'=' in k:
                            raise ValueError("illegal environment variable name")
                        env_list.append(k + b'=' + os.fsencode(v))
                else:
                    env_list = None  # Use execv instead of execve.
                executable = os.fsencode(executable)
                if os.path.dirname(executable):
                    executable_list = (executable,)
                else:
                    # This matches the behavior of os._execvpe().
                    executable_list = tuple(
                        os.path.join(os.fsencode(dir), executable)
                        for dir in os.get_exec_path(env))
                fds_to_keep = set(pass_fds)
                fds_to_keep.add(errpipe_write)
                self.pid = _fork_exec(
                        args, executable_list,
                        close_fds, tuple(sorted(map(int, fds_to_keep))),
                        cwd, env_list,
                        p2cread, p2cwrite, c2pread, c2pwrite,
                        errread, errwrite,
                        errpipe_read, errpipe_write,
                        restore_signals, start_new_session,
                        process_group, gid, gids, uid, umask,
                        preexec_fn, _USE_VFORK)
                self._child_created = True
            finally:
                # be sure the FD is closed no matter what
                os.close(errpipe_write)
    
            self._close_pipe_fds(p2cread, p2cwrite,
                                 c2pread, c2pwrite,
                                 errread, errwrite)
    
            # Wait for exec to fail or succeed; possibly raising an
            # exception (limited in size)
            errpipe_data = bytearray()
            while True:
                part = os.read(errpipe_read, 50000)
                errpipe_data += part
                if not part or len(errpipe_data) > 50000:
                    break
        finally:
            # be sure the FD is closed no matter what
            os.close(errpipe_read)
    
        if errpipe_data:
            try:
                pid, sts = os.waitpid(self.pid, 0)
                if pid == self.pid:
                    self._handle_exitstatus(sts)
                else:
                    self.returncode = sys.maxsize
            except ChildProcessError:
                pass
    
            try:
                exception_name, hex_errno, err_msg = (
                        errpipe_data.split(b':', 2))
                # The encoding here should match the encoding
                # written in by the subprocess implementations
                # like _posixsubprocess
                err_msg = err_msg.decode()
            except ValueError:
                exception_name = b'SubprocessError'
                hex_errno = b'0'
                err_msg = 'Bad exception data from child: {!r}'.format(
                              bytes(errpipe_data))
            child_exception_type = getattr(
                    builtins, exception_name.decode('ascii'),
                    SubprocessError)
            if issubclass(child_exception_type, OSError) and hex_errno:
                errno_num = int(hex_errno, 16)
                if err_msg == "noexec:chdir":
                    err_msg = ""
                    # The error must be from chdir(cwd).
                    err_filename = cwd
                elif err_msg == "noexec":
                    err_msg = ""
                    err_filename = None
                else:
                    err_filename = orig_executable
                if errno_num != 0:
                    err_msg = os.strerror(errno_num)
                if err_filename is not None:
>                   raise child_exception_type(errno_num, err_msg, err_filename)
E                   FileNotFoundError: [Errno 2] No such file or directory: '/home/billy/.cache/uv/builds-v0/.tmpoe5TMd/bin/python'

../../../.local/share/uv/python/cpython-3.11.14-linux-x86_64-gnu/lib/python3.11/subprocess.py:1955: FileNotFoundError
_ ERROR at setup of test_repository_audit_routes_report_absent_custody_without_traceback[status] _

tmp_path_factory = TempPathFactory(_given_basetemp=None, _trace=<pluggy._tracing.TagTracerSub object at 0x7efce516df50>, _basetemp=PosixPath('/tmp/pytest-of-billy/pytest-172'), _retention_count=3, _retention_policy='all')

    @pytest.fixture(scope="module")
    def installed_wheel(tmp_path_factory):
        base = tmp_path_factory.mktemp("ocm-wheel")
        source = base / "source"
        source.mkdir()
        shutil.copytree(ROOT / "src", source / "src", ignore=shutil.ignore_patterns("__pycache__", "*.egg-info"))
        for name in ("pyproject.toml", "LICENSE", "NOTICE"):
            shutil.copyfile(ROOT / name, source / name)
        wheelhouse = base / "wheels"
        wheelhouse.mkdir()
        # CI uses the declared build dependencies. The Work runtime also exposes an
        # installed build interpreter; no test downloads dependencies from a network.
        builder = sys.executable
        if importlib.util.find_spec("setuptools") is None or importlib.util.find_spec("wheel") is None:
            builder = os.environ.get("CODEX_PRIMARY_RUNTIME_PYTHON", builder)
>       built = subprocess.run(
            [builder, "-c", "from setuptools.build_meta import build_wheel; import sys; build_wheel(sys.argv[1])", str(wheelhouse)],
            cwd=source, capture_output=True, text=True,
        )

tests/test_distribution.py:34: 
_ _ _ _ _ _ _ _ _ _ _ _ _ _ _ _ _ _ _ _ _ _ _ _ _ _ _ _ _ _ _ _ _ _ _ _ _ _ _ _ 
../../../.local/share/uv/python/cpython-3.11.14-linux-x86_64-gnu/lib/python3.11/subprocess.py:548: in run
    with Popen(*popenargs, **kwargs) as process:
../../../.local/share/uv/python/cpython-3.11.14-linux-x86_64-gnu/lib/python3.11/subprocess.py:1026: in __init__
    self._execute_child(args, executable, preexec_fn, close_fds,
_ _ _ _ _ _ _ _ _ _ _ _ _ _ _ _ _ _ _ _ _ _ _ _ _ _ _ _ _ _ _ _ _ _ _ _ _ _ _ _ 

self = <Popen: returncode: 255 args: ['/home/billy/.cache/uv/builds-v0/.tmpoe5TMd/b...>
args = ['/home/billy/.cache/uv/builds-v0/.tmpoe5TMd/bin/python', '-c', 'from setuptools.build_meta import build_wheel; import sys; build_wheel(sys.argv[1])', '/tmp/pytest-of-billy/pytest-172/ocm-wheel0/wheels']
executable = b'/home/billy/.cache/uv/builds-v0/.tmpoe5TMd/bin/python'
preexec_fn = None, close_fds = True, pass_fds = ()
cwd = PosixPath('/tmp/pytest-of-billy/pytest-172/ocm-wheel0/source'), env = None
startupinfo = None, creationflags = 0, shell = False, p2cread = -1
p2cwrite = -1, c2pread = 12, c2pwrite = 13, errread = 14, errwrite = 15
restore_signals = True, gid = None, gids = None, uid = None, umask = -1
start_new_session = False, process_group = -1

    def _execute_child(self, args, executable, preexec_fn, close_fds,
                       pass_fds, cwd, env,
                       startupinfo, creationflags, shell,
                       p2cread, p2cwrite,
                       c2pread, c2pwrite,
                       errread, errwrite,
                       restore_signals,
                       gid, gids, uid, umask,
                       start_new_session, process_group):
        """Execute program (POSIX version)"""
    
        if isinstance(args, (str, bytes)):
            args = [args]
        elif isinstance(args, os.PathLike):
            if shell:
                raise TypeError('path-like args is not allowed when '
                                'shell is true')
            args = [args]
        else:
            args = list(args)
    
        if shell:
            # On Android the default shell is at '/system/bin/sh'.
            unix_shell = ('/system/bin/sh' if
                      hasattr(sys, 'getandroidapilevel') else '/bin/sh')
            args = [unix_shell, "-c"] + args
            if executable:
                args[0] = executable
    
        if executable is None:
            executable = args[0]
    
        sys.audit("subprocess.Popen", executable, args, cwd, env)
    
        if (_USE_POSIX_SPAWN
                and os.path.dirname(executable)
                and preexec_fn is None
                and not close_fds
                and not pass_fds
                and cwd is None
                and (p2cread == -1 or p2cread > 2)
                and (c2pwrite == -1 or c2pwrite > 2)
                and (errwrite == -1 or errwrite > 2)
                and not start_new_session
                and process_group == -1
                and gid is None
                and gids is None
                and uid is None
                and umask < 0):
            self._posix_spawn(args, executable, env, restore_signals,
                              p2cread, p2cwrite,
                              c2pread, c2pwrite,
                              errread, errwrite)
            return
    
        orig_executable = executable
    
        # For transferring possible exec failure from child to parent.
        # Data format: "exception name:hex errno:description"
        # Pickle is not used; it is complex and involves memory allocation.
        errpipe_read, errpipe_write = os.pipe()
        # errpipe_write must not be in the standard io 0, 1, or 2 fd range.
        low_fds_to_close = []
        while errpipe_write < 3:
            low_fds_to_close.append(errpipe_write)
            errpipe_write = os.dup(errpipe_write)
        for low_fd in low_fds_to_close:
            os.close(low_fd)
        try:
            try:
                # We must avoid complex work that could involve
                # malloc or free in the child process to avoid
                # potential deadlocks, thus we do all this here.
                # and pass it to fork_exec()
    
                if env is not None:
                    env_list = []
                    for k, v in env.items():
                        k = os.fsencode(k)
                        if b'=' in k:
                            raise ValueError("illegal environment variable name")
                        env_list.append(k + b'=' + os.fsencode(v))
                else:
                    env_list = None  # Use execv instead of execve.
                executable = os.fsencode(executable)
                if os.path.dirname(executable):
                    executable_list = (executable,)
                else:
                    # This matches the behavior of os._execvpe().
                    executable_list = tuple(
                        os.path.join(os.fsencode(dir), executable)
                        for dir in os.get_exec_path(env))
                fds_to_keep = set(pass_fds)
                fds_to_keep.add(errpipe_write)
                self.pid = _fork_exec(
                        args, executable_list,
                        close_fds, tuple(sorted(map(int, fds_to_keep))),
                        cwd, env_list,
                        p2cread, p2cwrite, c2pread, c2pwrite,
                        errread, errwrite,
                        errpipe_read, errpipe_write,
                        restore_signals, start_new_session,
                        process_group, gid, gids, uid, umask,
                        preexec_fn, _USE_VFORK)
                self._child_created = True
            finally:
                # be sure the FD is closed no matter what
                os.close(errpipe_write)
    
            self._close_pipe_fds(p2cread, p2cwrite,
                                 c2pread, c2pwrite,
                                 errread, errwrite)
    
            # Wait for exec to fail or succeed; possibly raising an
            # exception (limited in size)
            errpipe_data = bytearray()
            while True:
                part = os.read(errpipe_read, 50000)
                errpipe_data += part
                if not part or len(errpipe_data) > 50000:
                    break
        finally:
            # be sure the FD is closed no matter what
            os.close(errpipe_read)
    
        if errpipe_data:
            try:
                pid, sts = os.waitpid(self.pid, 0)
                if pid == self.pid:
                    self._handle_exitstatus(sts)
                else:
                    self.returncode = sys.maxsize
            except ChildProcessError:
                pass
    
            try:
                exception_name, hex_errno, err_msg = (
                        errpipe_data.split(b':', 2))
                # The encoding here should match the encoding
                # written in by the subprocess implementations
                # like _posixsubprocess
                err_msg = err_msg.decode()
            except ValueError:
                exception_name = b'SubprocessError'
                hex_errno = b'0'
                err_msg = 'Bad exception data from child: {!r}'.format(
                              bytes(errpipe_data))
            child_exception_type = getattr(
                    builtins, exception_name.decode('ascii'),
                    SubprocessError)
            if issubclass(child_exception_type, OSError) and hex_errno:
                errno_num = int(hex_errno, 16)
                if err_msg == "noexec:chdir":
                    err_msg = ""
                    # The error must be from chdir(cwd).
                    err_filename = cwd
                elif err_msg == "noexec":
                    err_msg = ""
                    err_filename = None
                else:
                    err_filename = orig_executable
                if errno_num != 0:
                    err_msg = os.strerror(errno_num)
                if err_filename is not None:
>                   raise child_exception_type(errno_num, err_msg, err_filename)
E                   FileNotFoundError: [Errno 2] No such file or directory: '/home/billy/.cache/uv/builds-v0/.tmpoe5TMd/bin/python'

../../../.local/share/uv/python/cpython-3.11.14-linux-x86_64-gnu/lib/python3.11/subprocess.py:1955: FileNotFoundError
_ ERROR at setup of test_repository_audit_routes_report_absent_custody_without_traceback[demo] _

tmp_path_factory = TempPathFactory(_given_basetemp=None, _trace=<pluggy._tracing.TagTracerSub object at 0x7efce516df50>, _basetemp=PosixPath('/tmp/pytest-of-billy/pytest-172'), _retention_count=3, _retention_policy='all')

    @pytest.fixture(scope="module")
    def installed_wheel(tmp_path_factory):
        base = tmp_path_factory.mktemp("ocm-wheel")
        source = base / "source"
        source.mkdir()
        shutil.copytree(ROOT / "src", source / "src", ignore=shutil.ignore_patterns("__pycache__", "*.egg-info"))
        for name in ("pyproject.toml", "LICENSE", "NOTICE"):
            shutil.copyfile(ROOT / name, source / name)
        wheelhouse = base / "wheels"
        wheelhouse.mkdir()
        # CI uses the declared build dependencies. The Work runtime also exposes an
        # installed build interpreter; no test downloads dependencies from a network.
        builder = sys.executable
        if importlib.util.find_spec("setuptools") is None or importlib.util.find_spec("wheel") is None:
            builder = os.environ.get("CODEX_PRIMARY_RUNTIME_PYTHON", builder)
>       built = subprocess.run(
            [builder, "-c", "from setuptools.build_meta import build_wheel; import sys; build_wheel(sys.argv[1])", str(wheelhouse)],
            cwd=source, capture_output=True, text=True,
        )

tests/test_distribution.py:34: 
_ _ _ _ _ _ _ _ _ _ _ _ _ _ _ _ _ _ _ _ _ _ _ _ _ _ _ _ _ _ _ _ _ _ _ _ _ _ _ _ 
../../../.local/share/uv/python/cpython-3.11.14-linux-x86_64-gnu/lib/python3.11/subprocess.py:548: in run
    with Popen(*popenargs, **kwargs) as process:
../../../.local/share/uv/python/cpython-3.11.14-linux-x86_64-gnu/lib/python3.11/subprocess.py:1026: in __init__
    self._execute_child(args, executable, preexec_fn, close_fds,
_ _ _ _ _ _ _ _ _ _ _ _ _ _ _ _ _ _ _ _ _ _ _ _ _ _ _ _ _ _ _ _ _ _ _ _ _ _ _ _ 

self = <Popen: returncode: 255 args: ['/home/billy/.cache/uv/builds-v0/.tmpoe5TMd/b...>
args = ['/home/billy/.cache/uv/builds-v0/.tmpoe5TMd/bin/python', '-c', 'from setuptools.build_meta import build_wheel; import sys; build_wheel(sys.argv[1])', '/tmp/pytest-of-billy/pytest-172/ocm-wheel0/wheels']
executable = b'/home/billy/.cache/uv/builds-v0/.tmpoe5TMd/bin/python'
preexec_fn = None, close_fds = True, pass_fds = ()
cwd = PosixPath('/tmp/pytest-of-billy/pytest-172/ocm-wheel0/source'), env = None
startupinfo = None, creationflags = 0, shell = False, p2cread = -1
p2cwrite = -1, c2pread = 12, c2pwrite = 13, errread = 14, errwrite = 15
restore_signals = True, gid = None, gids = None, uid = None, umask = -1
start_new_session = False, process_group = -1

    def _execute_child(self, args, executable, preexec_fn, close_fds,
                       pass_fds, cwd, env,
                       startupinfo, creationflags, shell,
                       p2cread, p2cwrite,
                       c2pread, c2pwrite,
                       errread, errwrite,
                       restore_signals,
                       gid, gids, uid, umask,
                       start_new_session, process_group):
        """Execute program (POSIX version)"""
    
        if isinstance(args, (str, bytes)):
            args = [args]
        elif isinstance(args, os.PathLike):
            if shell:
                raise TypeError('path-like args is not allowed when '
                                'shell is true')
            args = [args]
        else:
            args = list(args)
    
        if shell:
            # On Android the default shell is at '/system/bin/sh'.
            unix_shell = ('/system/bin/sh' if
                      hasattr(sys, 'getandroidapilevel') else '/bin/sh')
            args = [unix_shell, "-c"] + args
            if executable:
                args[0] = executable
    
        if executable is None:
            executable = args[0]
    
        sys.audit("subprocess.Popen", executable, args, cwd, env)
    
        if (_USE_POSIX_SPAWN
                and os.path.dirname(executable)
                and preexec_fn is None
                and not close_fds
                and not pass_fds
                and cwd is None
                and (p2cread == -1 or p2cread > 2)
                and (c2pwrite == -1 or c2pwrite > 2)
                and (errwrite == -1 or errwrite > 2)
                and not start_new_session
                and process_group == -1
                and gid is None
                and gids is None
                and uid is None
                and umask < 0):
            self._posix_spawn(args, executable, env, restore_signals,
                              p2cread, p2cwrite,
                              c2pread, c2pwrite,
                              errread, errwrite)
            return
    
        orig_executable = executable
    
        # For transferring possible exec failure from child to parent.
        # Data format: "exception name:hex errno:description"
        # Pickle is not used; it is complex and involves memory allocation.
        errpipe_read, errpipe_write = os.pipe()
        # errpipe_write must not be in the standard io 0, 1, or 2 fd range.
        low_fds_to_close = []
        while errpipe_write < 3:
            low_fds_to_close.append(errpipe_write)
            errpipe_write = os.dup(errpipe_write)
        for low_fd in low_fds_to_close:
            os.close(low_fd)
        try:
            try:
                # We must avoid complex work that could involve
                # malloc or free in the child process to avoid
                # potential deadlocks, thus we do all this here.
                # and pass it to fork_exec()
    
                if env is not None:
                    env_list = []
                    for k, v in env.items():
                        k = os.fsencode(k)
                        if b'=' in k:
                            raise ValueError("illegal environment variable name")
                        env_list.append(k + b'=' + os.fsencode(v))
                else:
                    env_list = None  # Use execv instead of execve.
                executable = os.fsencode(executable)
                if os.path.dirname(executable):
                    executable_list = (executable,)
                else:
                    # This matches the behavior of os._execvpe().
                    executable_list = tuple(
                        os.path.join(os.fsencode(dir), executable)
                        for dir in os.get_exec_path(env))
                fds_to_keep = set(pass_fds)
                fds_to_keep.add(errpipe_write)
                self.pid = _fork_exec(
                        args, executable_list,
                        close_fds, tuple(sorted(map(int, fds_to_keep))),
                        cwd, env_list,
                        p2cread, p2cwrite, c2pread, c2pwrite,
                        errread, errwrite,
                        errpipe_read, errpipe_write,
                        restore_signals, start_new_session,
                        process_group, gid, gids, uid, umask,
                        preexec_fn, _USE_VFORK)
                self._child_created = True
            finally:
                # be sure the FD is closed no matter what
                os.close(errpipe_write)
    
            self._close_pipe_fds(p2cread, p2cwrite,
                                 c2pread, c2pwrite,
                                 errread, errwrite)
    
            # Wait for exec to fail or succeed; possibly raising an
            # exception (limited in size)
            errpipe_data = bytearray()
            while True:
                part = os.read(errpipe_read, 50000)
                errpipe_data += part
                if not part or len(errpipe_data) > 50000:
                    break
        finally:
            # be sure the FD is closed no matter what
            os.close(errpipe_read)
    
        if errpipe_data:
            try:
                pid, sts = os.waitpid(self.pid, 0)
                if pid == self.pid:
                    self._handle_exitstatus(sts)
                else:
                    self.returncode = sys.maxsize
            except ChildProcessError:
                pass
    
            try:
                exception_name, hex_errno, err_msg = (
                        errpipe_data.split(b':', 2))
                # The encoding here should match the encoding
                # written in by the subprocess implementations
                # like _posixsubprocess
                err_msg = err_msg.decode()
            except ValueError:
                exception_name = b'SubprocessError'
                hex_errno = b'0'
                err_msg = 'Bad exception data from child: {!r}'.format(
                              bytes(errpipe_data))
            child_exception_type = getattr(
                    builtins, exception_name.decode('ascii'),
                    SubprocessError)
            if issubclass(child_exception_type, OSError) and hex_errno:
                errno_num = int(hex_errno, 16)
                if err_msg == "noexec:chdir":
                    err_msg = ""
                    # The error must be from chdir(cwd).
                    err_filename = cwd
                elif err_msg == "noexec":
                    err_msg = ""
                    err_filename = None
                else:
                    err_filename = orig_executable
                if errno_num != 0:
                    err_msg = os.strerror(errno_num)
                if err_filename is not None:
>                   raise child_exception_type(errno_num, err_msg, err_filename)
E                   FileNotFoundError: [Errno 2] No such file or directory: '/home/billy/.cache/uv/builds-v0/.tmpoe5TMd/bin/python'

../../../.local/share/uv/python/cpython-3.11.14-linux-x86_64-gnu/lib/python3.11/subprocess.py:1955: FileNotFoundError
___ ERROR at setup of test_clean_wheel_help_describes_chat_and_audit_scopes ____

tmp_path_factory = TempPathFactory(_given_basetemp=None, _trace=<pluggy._tracing.TagTracerSub object at 0x7efce516df50>, _basetemp=PosixPath('/tmp/pytest-of-billy/pytest-172'), _retention_count=3, _retention_policy='all')

    @pytest.fixture(scope="module")
    def installed_wheel(tmp_path_factory):
        base = tmp_path_factory.mktemp("ocm-wheel")
        source = base / "source"
        source.mkdir()
        shutil.copytree(ROOT / "src", source / "src", ignore=shutil.ignore_patterns("__pycache__", "*.egg-info"))
        for name in ("pyproject.toml", "LICENSE", "NOTICE"):
            shutil.copyfile(ROOT / name, source / name)
        wheelhouse = base / "wheels"
        wheelhouse.mkdir()
        # CI uses the declared build dependencies. The Work runtime also exposes an
        # installed build interpreter; no test downloads dependencies from a network.
        builder = sys.executable
        if importlib.util.find_spec("setuptools") is None or importlib.util.find_spec("wheel") is None:
            builder = os.environ.get("CODEX_PRIMARY_RUNTIME_PYTHON", builder)
>       built = subprocess.run(
            [builder, "-c", "from setuptools.build_meta import build_wheel; import sys; build_wheel(sys.argv[1])", str(wheelhouse)],
            cwd=source, capture_output=True, text=True,
        )

tests/test_distribution.py:34: 
_ _ _ _ _ _ _ _ _ _ _ _ _ _ _ _ _ _ _ _ _ _ _ _ _ _ _ _ _ _ _ _ _ _ _ _ _ _ _ _ 
../../../.local/share/uv/python/cpython-3.11.14-linux-x86_64-gnu/lib/python3.11/subprocess.py:548: in run
    with Popen(*popenargs, **kwargs) as process:
../../../.local/share/uv/python/cpython-3.11.14-linux-x86_64-gnu/lib/python3.11/subprocess.py:1026: in __init__
    self._execute_child(args, executable, preexec_fn, close_fds,
_ _ _ _ _ _ _ _ _ _ _ _ _ _ _ _ _ _ _ _ _ _ _ _ _ _ _ _ _ _ _ _ _ _ _ _ _ _ _ _ 

self = <Popen: returncode: 255 args: ['/home/billy/.cache/uv/builds-v0/.tmpoe5TMd/b...>
args = ['/home/billy/.cache/uv/builds-v0/.tmpoe5TMd/bin/python', '-c', 'from setuptools.build_meta import build_wheel; import sys; build_wheel(sys.argv[1])', '/tmp/pytest-of-billy/pytest-172/ocm-wheel0/wheels']
executable = b'/home/billy/.cache/uv/builds-v0/.tmpoe5TMd/bin/python'
preexec_fn = None, close_fds = True, pass_fds = ()
cwd = PosixPath('/tmp/pytest-of-billy/pytest-172/ocm-wheel0/source'), env = None
startupinfo = None, creationflags = 0, shell = False, p2cread = -1
p2cwrite = -1, c2pread = 12, c2pwrite = 13, errread = 14, errwrite = 15
restore_signals = True, gid = None, gids = None, uid = None, umask = -1
start_new_session = False, process_group = -1

    def _execute_child(self, args, executable, preexec_fn, close_fds,
                       pass_fds, cwd, env,
                       startupinfo, creationflags, shell,
                       p2cread, p2cwrite,
                       c2pread, c2pwrite,
                       errread, errwrite,
                       restore_signals,
                       gid, gids, uid, umask,
                       start_new_session, process_group):
        """Execute program (POSIX version)"""
    
        if isinstance(args, (str, bytes)):
            args = [args]
        elif isinstance(args, os.PathLike):
            if shell:
                raise TypeError('path-like args is not allowed when '
                                'shell is true')
            args = [args]
        else:
            args = list(args)
    
        if shell:
            # On Android the default shell is at '/system/bin/sh'.
            unix_shell = ('/system/bin/sh' if
                      hasattr(sys, 'getandroidapilevel') else '/bin/sh')
            args = [unix_shell, "-c"] + args
            if executable:
                args[0] = executable
    
        if executable is None:
            executable = args[0]
    
        sys.audit("subprocess.Popen", executable, args, cwd, env)
    
        if (_USE_POSIX_SPAWN
                and os.path.dirname(executable)
                and preexec_fn is None
                and not close_fds
                and not pass_fds
                and cwd is None
                and (p2cread == -1 or p2cread > 2)
                and (c2pwrite == -1 or c2pwrite > 2)
                and (errwrite == -1 or errwrite > 2)
                and not start_new_session
                and process_group == -1
                and gid is None
                and gids is None
                and uid is None
                and umask < 0):
            self._posix_spawn(args, executable, env, restore_signals,
                              p2cread, p2cwrite,
                              c2pread, c2pwrite,
                              errread, errwrite)
            return
    
        orig_executable = executable
    
        # For transferring possible exec failure from child to parent.
        # Data format: "exception name:hex errno:description"
        # Pickle is not used; it is complex and involves memory allocation.
        errpipe_read, errpipe_write = os.pipe()
        # errpipe_write must not be in the standard io 0, 1, or 2 fd range.
        low_fds_to_close = []
        while errpipe_write < 3:
            low_fds_to_close.append(errpipe_write)
            errpipe_write = os.dup(errpipe_write)
        for low_fd in low_fds_to_close:
            os.close(low_fd)
        try:
            try:
                # We must avoid complex work that could involve
                # malloc or free in the child process to avoid
                # potential deadlocks, thus we do all this here.
                # and pass it to fork_exec()
    
                if env is not None:
                    env_list = []
                    for k, v in env.items():
                        k = os.fsencode(k)
                        if b'=' in k:
                            raise ValueError("illegal environment variable name")
                        env_list.append(k + b'=' + os.fsencode(v))
                else:
                    env_list = None  # Use execv instead of execve.
                executable = os.fsencode(executable)
                if os.path.dirname(executable):
                    executable_list = (executable,)
                else:
                    # This matches the behavior of os._execvpe().
                    executable_list = tuple(
                        os.path.join(os.fsencode(dir), executable)
                        for dir in os.get_exec_path(env))
                fds_to_keep = set(pass_fds)
                fds_to_keep.add(errpipe_write)
                self.pid = _fork_exec(
                        args, executable_list,
                        close_fds, tuple(sorted(map(int, fds_to_keep))),
                        cwd, env_list,
                        p2cread, p2cwrite, c2pread, c2pwrite,
                        errread, errwrite,
                        errpipe_read, errpipe_write,
                        restore_signals, start_new_session,
                        process_group, gid, gids, uid, umask,
                        preexec_fn, _USE_VFORK)
                self._child_created = True
            finally:
                # be sure the FD is closed no matter what
                os.close(errpipe_write)
    
            self._close_pipe_fds(p2cread, p2cwrite,
                                 c2pread, c2pwrite,
                                 errread, errwrite)
    
            # Wait for exec to fail or succeed; possibly raising an
            # exception (limited in size)
            errpipe_data = bytearray()
            while True:
                part = os.read(errpipe_read, 50000)
                errpipe_data += part
                if not part or len(errpipe_data) > 50000:
                    break
        finally:
            # be sure the FD is closed no matter what
            os.close(errpipe_read)
    
        if errpipe_data:
            try:
                pid, sts = os.waitpid(self.pid, 0)
                if pid == self.pid:
                    self._handle_exitstatus(sts)
                else:
                    self.returncode = sys.maxsize
            except ChildProcessError:
                pass
    
            try:
                exception_name, hex_errno, err_msg = (
                        errpipe_data.split(b':', 2))
                # The encoding here should match the encoding
                # written in by the subprocess implementations
                # like _posixsubprocess
                err_msg = err_msg.decode()
            except ValueError:
                exception_name = b'SubprocessError'
                hex_errno = b'0'
                err_msg = 'Bad exception data from child: {!r}'.format(
                              bytes(errpipe_data))
            child_exception_type = getattr(
                    builtins, exception_name.decode('ascii'),
                    SubprocessError)
            if issubclass(child_exception_type, OSError) and hex_errno:
                errno_num = int(hex_errno, 16)
                if err_msg == "noexec:chdir":
                    err_msg = ""
                    # The error must be from chdir(cwd).
                    err_filename = cwd
                elif err_msg == "noexec":
                    err_msg = ""
                    err_filename = None
                else:
                    err_filename = orig_executable
                if errno_num != 0:
                    err_msg = os.strerror(errno_num)
                if err_filename is not None:
>                   raise child_exception_type(errno_num, err_msg, err_filename)
E                   FileNotFoundError: [Errno 2] No such file or directory: '/home/billy/.cache/uv/builds-v0/.tmpoe5TMd/bin/python'

../../../.local/share/uv/python/cpython-3.11.14-linux-x86_64-gnu/lib/python3.11/subprocess.py:1955: FileNotFoundError
_ ERROR at setup of test_installed_method_learning_needs_no_repository_or_test_imports _

tmp_path_factory = TempPathFactory(_given_basetemp=None, _trace=<pluggy._tracing.TagTracerSub object at 0x7efce516df50>, _basetemp=PosixPath('/tmp/pytest-of-billy/pytest-172'), _retention_count=3, _retention_policy='all')

    @pytest.fixture(scope="module")
    def installed_wheel(tmp_path_factory):
        base = tmp_path_factory.mktemp("ocm-wheel")
        source = base / "source"
        source.mkdir()
        shutil.copytree(ROOT / "src", source / "src", ignore=shutil.ignore_patterns("__pycache__", "*.egg-info"))
        for name in ("pyproject.toml", "LICENSE", "NOTICE"):
            shutil.copyfile(ROOT / name, source / name)
        wheelhouse = base / "wheels"
        wheelhouse.mkdir()
        # CI uses the declared build dependencies. The Work runtime also exposes an
        # installed build interpreter; no test downloads dependencies from a network.
        builder = sys.executable
        if importlib.util.find_spec("setuptools") is None or importlib.util.find_spec("wheel") is None:
            builder = os.environ.get("CODEX_PRIMARY_RUNTIME_PYTHON", builder)
>       built = subprocess.run(
            [builder, "-c", "from setuptools.build_meta import build_wheel; import sys; build_wheel(sys.argv[1])", str(wheelhouse)],
            cwd=source, capture_output=True, text=True,
        )

tests/test_distribution.py:34: 
_ _ _ _ _ _ _ _ _ _ _ _ _ _ _ _ _ _ _ _ _ _ _ _ _ _ _ _ _ _ _ _ _ _ _ _ _ _ _ _ 
../../../.local/share/uv/python/cpython-3.11.14-linux-x86_64-gnu/lib/python3.11/subprocess.py:548: in run
    with Popen(*popenargs, **kwargs) as process:
../../../.local/share/uv/python/cpython-3.11.14-linux-x86_64-gnu/lib/python3.11/subprocess.py:1026: in __init__
    self._execute_child(args, executable, preexec_fn, close_fds,
_ _ _ _ _ _ _ _ _ _ _ _ _ _ _ _ _ _ _ _ _ _ _ _ _ _ _ _ _ _ _ _ _ _ _ _ _ _ _ _ 

self = <Popen: returncode: 255 args: ['/home/billy/.cache/uv/builds-v0/.tmpoe5TMd/b...>
args = ['/home/billy/.cache/uv/builds-v0/.tmpoe5TMd/bin/python', '-c', 'from setuptools.build_meta import build_wheel; import sys; build_wheel(sys.argv[1])', '/tmp/pytest-of-billy/pytest-172/ocm-wheel0/wheels']
executable = b'/home/billy/.cache/uv/builds-v0/.tmpoe5TMd/bin/python'
preexec_fn = None, close_fds = True, pass_fds = ()
cwd = PosixPath('/tmp/pytest-of-billy/pytest-172/ocm-wheel0/source'), env = None
startupinfo = None, creationflags = 0, shell = False, p2cread = -1
p2cwrite = -1, c2pread = 12, c2pwrite = 13, errread = 14, errwrite = 15
restore_signals = True, gid = None, gids = None, uid = None, umask = -1
start_new_session = False, process_group = -1

    def _execute_child(self, args, executable, preexec_fn, close_fds,
                       pass_fds, cwd, env,
                       startupinfo, creationflags, shell,
                       p2cread, p2cwrite,
                       c2pread, c2pwrite,
                       errread, errwrite,
                       restore_signals,
                       gid, gids, uid, umask,
                       start_new_session, process_group):
        """Execute program (POSIX version)"""
    
        if isinstance(args, (str, bytes)):
            args = [args]
        elif isinstance(args, os.PathLike):
            if shell:
                raise TypeError('path-like args is not allowed when '
                                'shell is true')
            args = [args]
        else:
            args = list(args)
    
        if shell:
            # On Android the default shell is at '/system/bin/sh'.
            unix_shell = ('/system/bin/sh' if
                      hasattr(sys, 'getandroidapilevel') else '/bin/sh')
            args = [unix_shell, "-c"] + args
            if executable:
                args[0] = executable
    
        if executable is None:
            executable = args[0]
    
        sys.audit("subprocess.Popen", executable, args, cwd, env)
    
        if (_USE_POSIX_SPAWN
                and os.path.dirname(executable)
                and preexec_fn is None
                and not close_fds
                and not pass_fds
                and cwd is None
                and (p2cread == -1 or p2cread > 2)
                and (c2pwrite == -1 or c2pwrite > 2)
                and (errwrite == -1 or errwrite > 2)
                and not start_new_session
                and process_group == -1
                and gid is None
                and gids is None
                and uid is None
                and umask < 0):
            self._posix_spawn(args, executable, env, restore_signals,
                              p2cread, p2cwrite,
                              c2pread, c2pwrite,
                              errread, errwrite)
            return
    
        orig_executable = executable
    
        # For transferring possible exec failure from child to parent.
        # Data format: "exception name:hex errno:description"
        # Pickle is not used; it is complex and involves memory allocation.
        errpipe_read, errpipe_write = os.pipe()
        # errpipe_write must not be in the standard io 0, 1, or 2 fd range.
        low_fds_to_close = []
        while errpipe_write < 3:
            low_fds_to_close.append(errpipe_write)
            errpipe_write = os.dup(errpipe_write)
        for low_fd in low_fds_to_close:
            os.close(low_fd)
        try:
            try:
                # We must avoid complex work that could involve
                # malloc or free in the child process to avoid
                # potential deadlocks, thus we do all this here.
                # and pass it to fork_exec()
    
                if env is not None:
                    env_list = []
                    for k, v in env.items():
                        k = os.fsencode(k)
                        if b'=' in k:
                            raise ValueError("illegal environment variable name")
                        env_list.append(k + b'=' + os.fsencode(v))
                else:
                    env_list = None  # Use execv instead of execve.
                executable = os.fsencode(executable)
                if os.path.dirname(executable):
                    executable_list = (executable,)
                else:
                    # This matches the behavior of os._execvpe().
                    executable_list = tuple(
                        os.path.join(os.fsencode(dir), executable)
                        for dir in os.get_exec_path(env))
                fds_to_keep = set(pass_fds)
                fds_to_keep.add(errpipe_write)
                self.pid = _fork_exec(
                        args, executable_list,
                        close_fds, tuple(sorted(map(int, fds_to_keep))),
                        cwd, env_list,
                        p2cread, p2cwrite, c2pread, c2pwrite,
                        errread, errwrite,
                        errpipe_read, errpipe_write,
                        restore_signals, start_new_session,
                        process_group, gid, gids, uid, umask,
                        preexec_fn, _USE_VFORK)
                self._child_created = True
            finally:
                # be sure the FD is closed no matter what
                os.close(errpipe_write)
    
            self._close_pipe_fds(p2cread, p2cwrite,
                                 c2pread, c2pwrite,
                                 errread, errwrite)
    
            # Wait for exec to fail or succeed; possibly raising an
            # exception (limited in size)
            errpipe_data = bytearray()
            while True:
                part = os.read(errpipe_read, 50000)
                errpipe_data += part
                if not part or len(errpipe_data) > 50000:
                    break
        finally:
            # be sure the FD is closed no matter what
            os.close(errpipe_read)
    
        if errpipe_data:
            try:
                pid, sts = os.waitpid(self.pid, 0)
                if pid == self.pid:
                    self._handle_exitstatus(sts)
                else:
                    self.returncode = sys.maxsize
            except ChildProcessError:
                pass
    
            try:
                exception_name, hex_errno, err_msg = (
                        errpipe_data.split(b':', 2))
                # The encoding here should match the encoding
                # written in by the subprocess implementations
                # like _posixsubprocess
                err_msg = err_msg.decode()
            except ValueError:
                exception_name = b'SubprocessError'
                hex_errno = b'0'
                err_msg = 'Bad exception data from child: {!r}'.format(
                              bytes(errpipe_data))
            child_exception_type = getattr(
                    builtins, exception_name.decode('ascii'),
                    SubprocessError)
            if issubclass(child_exception_type, OSError) and hex_errno:
                errno_num = int(hex_errno, 16)
                if err_msg == "noexec:chdir":
                    err_msg = ""
                    # The error must be from chdir(cwd).
                    err_filename = cwd
                elif err_msg == "noexec":
                    err_msg = ""
                    err_filename = None
                else:
                    err_filename = orig_executable
                if errno_num != 0:
                    err_msg = os.strerror(errno_num)
                if err_filename is not None:
>                   raise child_exception_type(errno_num, err_msg, err_filename)
E                   FileNotFoundError: [Errno 2] No such file or directory: '/home/billy/.cache/uv/builds-v0/.tmpoe5TMd/bin/python'

../../../.local/share/uv/python/cpython-3.11.14-linux-x86_64-gnu/lib/python3.11/subprocess.py:1955: FileNotFoundError
_ ERROR at setup of test_installed_comparator_and_evaluation_bootstraps_use_runtime_only _

tmp_path_factory = TempPathFactory(_given_basetemp=None, _trace=<pluggy._tracing.TagTracerSub object at 0x7efce516df50>, _basetemp=PosixPath('/tmp/pytest-of-billy/pytest-172'), _retention_count=3, _retention_policy='all')

    @pytest.fixture(scope="module")
    def installed_wheel(tmp_path_factory):
        base = tmp_path_factory.mktemp("ocm-wheel")
        source = base / "source"
        source.mkdir()
        shutil.copytree(ROOT / "src", source / "src", ignore=shutil.ignore_patterns("__pycache__", "*.egg-info"))
        for name in ("pyproject.toml", "LICENSE", "NOTICE"):
            shutil.copyfile(ROOT / name, source / name)
        wheelhouse = base / "wheels"
        wheelhouse.mkdir()
        # CI uses the declared build dependencies. The Work runtime also exposes an
        # installed build interpreter; no test downloads dependencies from a network.
        builder = sys.executable
        if importlib.util.find_spec("setuptools") is None or importlib.util.find_spec("wheel") is None:
            builder = os.environ.get("CODEX_PRIMARY_RUNTIME_PYTHON", builder)
>       built = subprocess.run(
            [builder, "-c", "from setuptools.build_meta import build_wheel; import sys; build_wheel(sys.argv[1])", str(wheelhouse)],
            cwd=source, capture_output=True, text=True,
        )

tests/test_distribution.py:34: 
_ _ _ _ _ _ _ _ _ _ _ _ _ _ _ _ _ _ _ _ _ _ _ _ _ _ _ _ _ _ _ _ _ _ _ _ _ _ _ _ 
../../../.local/share/uv/python/cpython-3.11.14-linux-x86_64-gnu/lib/python3.11/subprocess.py:548: in run
    with Popen(*popenargs, **kwargs) as process:
../../../.local/share/uv/python/cpython-3.11.14-linux-x86_64-gnu/lib/python3.11/subprocess.py:1026: in __init__
    self._execute_child(args, executable, preexec_fn, close_fds,
_ _ _ _ _ _ _ _ _ _ _ _ _ _ _ _ _ _ _ _ _ _ _ _ _ _ _ _ _ _ _ _ _ _ _ _ _ _ _ _ 

self = <Popen: returncode: 255 args: ['/home/billy/.cache/uv/builds-v0/.tmpoe5TMd/b...>
args = ['/home/billy/.cache/uv/builds-v0/.tmpoe5TMd/bin/python', '-c', 'from setuptools.build_meta import build_wheel; import sys; build_wheel(sys.argv[1])', '/tmp/pytest-of-billy/pytest-172/ocm-wheel0/wheels']
executable = b'/home/billy/.cache/uv/builds-v0/.tmpoe5TMd/bin/python'
preexec_fn = None, close_fds = True, pass_fds = ()
cwd = PosixPath('/tmp/pytest-of-billy/pytest-172/ocm-wheel0/source'), env = None
startupinfo = None, creationflags = 0, shell = False, p2cread = -1
p2cwrite = -1, c2pread = 12, c2pwrite = 13, errread = 14, errwrite = 15
restore_signals = True, gid = None, gids = None, uid = None, umask = -1
start_new_session = False, process_group = -1

    def _execute_child(self, args, executable, preexec_fn, close_fds,
                       pass_fds, cwd, env,
                       startupinfo, creationflags, shell,
                       p2cread, p2cwrite,
                       c2pread, c2pwrite,
                       errread, errwrite,
                       restore_signals,
                       gid, gids, uid, umask,
                       start_new_session, process_group):
        """Execute program (POSIX version)"""
    
        if isinstance(args, (str, bytes)):
            args = [args]
        elif isinstance(args, os.PathLike):
            if shell:
                raise TypeError('path-like args is not allowed when '
                                'shell is true')
            args = [args]
        else:
            args = list(args)
    
        if shell:
            # On Android the default shell is at '/system/bin/sh'.
            unix_shell = ('/system/bin/sh' if
                      hasattr(sys, 'getandroidapilevel') else '/bin/sh')
            args = [unix_shell, "-c"] + args
            if executable:
                args[0] = executable
    
        if executable is None:
            executable = args[0]
    
        sys.audit("subprocess.Popen", executable, args, cwd, env)
    
        if (_USE_POSIX_SPAWN
                and os.path.dirname(executable)
                and preexec_fn is None
                and not close_fds
                and not pass_fds
                and cwd is None
                and (p2cread == -1 or p2cread > 2)
                and (c2pwrite == -1 or c2pwrite > 2)
                and (errwrite == -1 or errwrite > 2)
                and not start_new_session
                and process_group == -1
                and gid is None
                and gids is None
                and uid is None
                and umask < 0):
            self._posix_spawn(args, executable, env, restore_signals,
                              p2cread, p2cwrite,
                              c2pread, c2pwrite,
                              errread, errwrite)
            return
    
        orig_executable = executable
    
        # For transferring possible exec failure from child to parent.
        # Data format: "exception name:hex errno:description"
        # Pickle is not used; it is complex and involves memory allocation.
        errpipe_read, errpipe_write = os.pipe()
        # errpipe_write must not be in the standard io 0, 1, or 2 fd range.
        low_fds_to_close = []
        while errpipe_write < 3:
            low_fds_to_close.append(errpipe_write)
            errpipe_write = os.dup(errpipe_write)
        for low_fd in low_fds_to_close:
            os.close(low_fd)
        try:
            try:
                # We must avoid complex work that could involve
                # malloc or free in the child process to avoid
                # potential deadlocks, thus we do all this here.
                # and pass it to fork_exec()
    
                if env is not None:
                    env_list = []
                    for k, v in env.items():
                        k = os.fsencode(k)
                        if b'=' in k:
                            raise ValueError("illegal environment variable name")
                        env_list.append(k + b'=' + os.fsencode(v))
                else:
                    env_list = None  # Use execv instead of execve.
                executable = os.fsencode(executable)
                if os.path.dirname(executable):
                    executable_list = (executable,)
                else:
                    # This matches the behavior of os._execvpe().
                    executable_list = tuple(
                        os.path.join(os.fsencode(dir), executable)
                        for dir in os.get_exec_path(env))
                fds_to_keep = set(pass_fds)
                fds_to_keep.add(errpipe_write)
                self.pid = _fork_exec(
                        args, executable_list,
                        close_fds, tuple(sorted(map(int, fds_to_keep))),
                        cwd, env_list,
                        p2cread, p2cwrite, c2pread, c2pwrite,
                        errread, errwrite,
                        errpipe_read, errpipe_write,
                        restore_signals, start_new_session,
                        process_group, gid, gids, uid, umask,
                        preexec_fn, _USE_VFORK)
                self._child_created = True
            finally:
                # be sure the FD is closed no matter what
                os.close(errpipe_write)
    
            self._close_pipe_fds(p2cread, p2cwrite,
                                 c2pread, c2pwrite,
                                 errread, errwrite)
    
            # Wait for exec to fail or succeed; possibly raising an
            # exception (limited in size)
            errpipe_data = bytearray()
            while True:
                part = os.read(errpipe_read, 50000)
                errpipe_data += part
                if not part or len(errpipe_data) > 50000:
                    break
        finally:
            # be sure the FD is closed no matter what
            os.close(errpipe_read)
    
        if errpipe_data:
            try:
                pid, sts = os.waitpid(self.pid, 0)
                if pid == self.pid:
                    self._handle_exitstatus(sts)
                else:
                    self.returncode = sys.maxsize
            except ChildProcessError:
                pass
    
            try:
                exception_name, hex_errno, err_msg = (
                        errpipe_data.split(b':', 2))
                # The encoding here should match the encoding
                # written in by the subprocess implementations
                # like _posixsubprocess
                err_msg = err_msg.decode()
            except ValueError:
                exception_name = b'SubprocessError'
                hex_errno = b'0'
                err_msg = 'Bad exception data from child: {!r}'.format(
                              bytes(errpipe_data))
            child_exception_type = getattr(
                    builtins, exception_name.decode('ascii'),
                    SubprocessError)
            if issubclass(child_exception_type, OSError) and hex_errno:
                errno_num = int(hex_errno, 16)
                if err_msg == "noexec:chdir":
                    err_msg = ""
                    # The error must be from chdir(cwd).
                    err_filename = cwd
                elif err_msg == "noexec":
                    err_msg = ""
                    err_filename = None
                else:
                    err_filename = orig_executable
                if errno_num != 0:
                    err_msg = os.strerror(errno_num)
                if err_filename is not None:
>                   raise child_exception_type(errno_num, err_msg, err_filename)
E                   FileNotFoundError: [Errno 2] No such file or directory: '/home/billy/.cache/uv/builds-v0/.tmpoe5TMd/bin/python'

../../../.local/share/uv/python/cpython-3.11.14-linux-x86_64-gnu/lib/python3.11/subprocess.py:1955: FileNotFoundError
=================================== FAILURES ===================================
____ test_two_dead_parent_refusals_apply_quarantine_without_admitting_atoms ____

tmp_path = PosixPath('/tmp/pytest-of-billy/pytest-172/test_two_dead_parent_refusals_0')

    def test_two_dead_parent_refusals_apply_quarantine_without_admitting_atoms(tmp_path):
        rt = _root(tmp_path)
        rt.admit_object(S.Atom("program", "procedure", WP.of({"registration"})),
            (S.Hyperedge("root-program", ("root",), ("program",), "SUPPORT"),), "INSTRUCTION")
        rt.revoke(["registration"])
        before = rt.state.ks.digest()
        for qid in ("fresh-request-1", "fresh-request-2"):
            with pytest.raises(S.TypedRejection, match="ISOLATED_ATOM_REJECTED"):
                rt.admit_object(S.Atom(qid, "query_seed"),
                    (S.Hyperedge("program-" + qid, ("program",), (qid,), "SUPPORT"),), "INSTRUCTION")
            assert rt.state.ks.digest() == before and qid not in rt.state.ks.ids
            event = rt.events[-1]
            assert event.event_type is EventType.OBJECT_QUARANTINED and event.status is EventStatus.FAIL
            assert rt.state.quarantine[qid] == event.payload
        rt.admit_object(S.Atom("unrelated", "claim"),
            (S.Hyperedge("root-unrelated", ("root",), ("unrelated",), "SUPPORT"),), "INSTRUCTION")
        assert not rt.state.ks.atom("program").is_live(rt.state.revoked)
>       _restart_matches(rt)

tests/m2/test_event_reducer_consistency.py:57: 
_ _ _ _ _ _ _ _ _ _ _ _ _ _ _ _ _ _ _ _ _ _ _ _ _ _ _ _ _ _ _ _ _ _ _ _ _ _ _ _ 
tests/m2/test_event_reducer_consistency.py:29: in _restart_matches
    process = subprocess.run([sys.executable, "-c", script, str(runtime.root)],
../../../.local/share/uv/python/cpython-3.11.14-linux-x86_64-gnu/lib/python3.11/subprocess.py:548: in run
    with Popen(*popenargs, **kwargs) as process:
../../../.local/share/uv/python/cpython-3.11.14-linux-x86_64-gnu/lib/python3.11/subprocess.py:1026: in __init__
    self._execute_child(args, executable, preexec_fn, close_fds,
_ _ _ _ _ _ _ _ _ _ _ _ _ _ _ _ _ _ _ _ _ _ _ _ _ _ _ _ _ _ _ _ _ _ _ _ _ _ _ _ 

self = <Popen: returncode: 255 args: ['/home/billy/.cache/uv/builds-v0/.tmpoe5TMd/b...>
args = ['/home/billy/.cache/uv/builds-v0/.tmpoe5TMd/bin/python', '-c', 'import json,sys\nfrom ocm.runtime.ocm_runtime import ...d,\n"events":[e.event_hash for e in r.events]}))\n', '/tmp/pytest-of-billy/pytest-172/test_two_dead_parent_refusals_0']
executable = b'/home/billy/.cache/uv/builds-v0/.tmpoe5TMd/bin/python'
preexec_fn = None, close_fds = True, pass_fds = (), cwd = None, env = None
startupinfo = None, creationflags = 0, shell = False, p2cread = -1
p2cwrite = -1, c2pread = 12, c2pwrite = 13, errread = 14, errwrite = 15
restore_signals = True, gid = None, gids = None, uid = None, umask = -1
start_new_session = False, process_group = -1

    def _execute_child(self, args, executable, preexec_fn, close_fds,
                       pass_fds, cwd, env,
                       startupinfo, creationflags, shell,
                       p2cread, p2cwrite,
                       c2pread, c2pwrite,
                       errread, errwrite,
                       restore_signals,
                       gid, gids, uid, umask,
                       start_new_session, process_group):
        """Execute program (POSIX version)"""
    
        if isinstance(args, (str, bytes)):
            args = [args]
        elif isinstance(args, os.PathLike):
            if shell:
                raise TypeError('path-like args is not allowed when '
                                'shell is true')
            args = [args]
        else:
            args = list(args)
    
        if shell:
            # On Android the default shell is at '/system/bin/sh'.
            unix_shell = ('/system/bin/sh' if
                      hasattr(sys, 'getandroidapilevel') else '/bin/sh')
            args = [unix_shell, "-c"] + args
            if executable:
                args[0] = executable
    
        if executable is None:
            executable = args[0]
    
        sys.audit("subprocess.Popen", executable, args, cwd, env)
    
        if (_USE_POSIX_SPAWN
                and os.path.dirname(executable)
                and preexec_fn is None
                and not close_fds
                and not pass_fds
                and cwd is None
                and (p2cread == -1 or p2cread > 2)
                and (c2pwrite == -1 or c2pwrite > 2)
                and (errwrite == -1 or errwrite > 2)
                and not start_new_session
                and process_group == -1
                and gid is None
                and gids is None
                and uid is None
                and umask < 0):
            self._posix_spawn(args, executable, env, restore_signals,
                              p2cread, p2cwrite,
                              c2pread, c2pwrite,
                              errread, errwrite)
            return
    
        orig_executable = executable
    
        # For transferring possible exec failure from child to parent.
        # Data format: "exception name:hex errno:description"
        # Pickle is not used; it is complex and involves memory allocation.
        errpipe_read, errpipe_write = os.pipe()
        # errpipe_write must not be in the standard io 0, 1, or 2 fd range.
        low_fds_to_close = []
        while errpipe_write < 3:
            low_fds_to_close.append(errpipe_write)
            errpipe_write = os.dup(errpipe_write)
        for low_fd in low_fds_to_close:
            os.close(low_fd)
        try:
            try:
                # We must avoid complex work that could involve
                # malloc or free in the child process to avoid
                # potential deadlocks, thus we do all this here.
                # and pass it to fork_exec()
    
                if env is not None:
                    env_list = []
                    for k, v in env.items():
                        k = os.fsencode(k)
                        if b'=' in k:
                            raise ValueError("illegal environment variable name")
                        env_list.append(k + b'=' + os.fsencode(v))
                else:
                    env_list = None  # Use execv instead of execve.
                executable = os.fsencode(executable)
                if os.path.dirname(executable):
                    executable_list = (executable,)
                else:
                    # This matches the behavior of os._execvpe().
                    executable_list = tuple(
                        os.path.join(os.fsencode(dir), executable)
                        for dir in os.get_exec_path(env))
                fds_to_keep = set(pass_fds)
                fds_to_keep.add(errpipe_write)
                self.pid = _fork_exec(
                        args, executable_list,
                        close_fds, tuple(sorted(map(int, fds_to_keep))),
                        cwd, env_list,
                        p2cread, p2cwrite, c2pread, c2pwrite,
                        errread, errwrite,
                        errpipe_read, errpipe_write,
                        restore_signals, start_new_session,
                        process_group, gid, gids, uid, umask,
                        preexec_fn, _USE_VFORK)
                self._child_created = True
            finally:
                # be sure the FD is closed no matter what
                os.close(errpipe_write)
    
            self._close_pipe_fds(p2cread, p2cwrite,
                                 c2pread, c2pwrite,
                                 errread, errwrite)
    
            # Wait for exec to fail or succeed; possibly raising an
            # exception (limited in size)
            errpipe_data = bytearray()
            while True:
                part = os.read(errpipe_read, 50000)
                errpipe_data += part
                if not part or len(errpipe_data) > 50000:
                    break
        finally:
            # be sure the FD is closed no matter what
            os.close(errpipe_read)
    
        if errpipe_data:
            try:
                pid, sts = os.waitpid(self.pid, 0)
                if pid == self.pid:
                    self._handle_exitstatus(sts)
                else:
                    self.returncode = sys.maxsize
            except ChildProcessError:
                pass
    
            try:
                exception_name, hex_errno, err_msg = (
                        errpipe_data.split(b':', 2))
                # The encoding here should match the encoding
                # written in by the subprocess implementations
                # like _posixsubprocess
                err_msg = err_msg.decode()
            except ValueError:
                exception_name = b'SubprocessError'
                hex_errno = b'0'
                err_msg = 'Bad exception data from child: {!r}'.format(
                              bytes(errpipe_data))
            child_exception_type = getattr(
                    builtins, exception_name.decode('ascii'),
                    SubprocessError)
            if issubclass(child_exception_type, OSError) and hex_errno:
                errno_num = int(hex_errno, 16)
                if err_msg == "noexec:chdir":
                    err_msg = ""
                    # The error must be from chdir(cwd).
                    err_filename = cwd
                elif err_msg == "noexec":
                    err_msg = ""
                    err_filename = None
                else:
                    err_filename = orig_executable
                if errno_num != 0:
                    err_msg = os.strerror(errno_num)
                if err_filename is not None:
>                   raise child_exception_type(errno_num, err_msg, err_filename)
E                   FileNotFoundError: [Errno 2] No such file or directory: '/home/billy/.cache/uv/builds-v0/.tmpoe5TMd/bin/python'

../../../.local/share/uv/python/cpython-3.11.14-linux-x86_64-gnu/lib/python3.11/subprocess.py:1955: FileNotFoundError
_ test_real_solve_obstruction_records_non_authoritative_jump_live_and_replays __

tmp_path = PosixPath('/tmp/pytest-of-billy/pytest-172/test_real_solve_obstruction_re0')

    def test_real_solve_obstruction_records_non_authoritative_jump_live_and_replays(tmp_path):
        rt = _root(tmp_path)
        rt.admit_object(S.Atom("island", "claim", quarantined=True), (), "INSTRUCTION")
        before = rt.state.ks.digest()
        out = rt.solve(SV.Task("island-task",
            (SV.QueryPart("reach the island", "claim", ("root",)),), targets=("island",)))
        assert out.decision is SV.Decision.JUMP_PROPOSAL and out.witness is not None
        assert not SV.committed(out) and out.answer is None and rt.state.ks.digest() == before
        event = rt.events[-1]
        assert event.event_type is EventType.JUMP_PROPOSED and event.status is EventStatus.PROPOSAL
        assert rt.state.jumps["jump:island-task"] == {"type": event.event_type.value, **event.payload}
        assert rt.state.jumps["jump:island-task"]["adopted"] is False
        assert not any(e.event_type is EventType.JUMP_ADOPTED for e in rt.events)
        rt.admit_object(S.Atom("unrelated", "claim"),
            (S.Hyperedge("root-unrelated", ("root",), ("unrelated",), "SUPPORT"),), "INSTRUCTION")
>       _restart_matches(rt)

tests/m2/test_event_reducer_consistency.py:75: 
_ _ _ _ _ _ _ _ _ _ _ _ _ _ _ _ _ _ _ _ _ _ _ _ _ _ _ _ _ _ _ _ _ _ _ _ _ _ _ _ 
tests/m2/test_event_reducer_consistency.py:29: in _restart_matches
    process = subprocess.run([sys.executable, "-c", script, str(runtime.root)],
../../../.local/share/uv/python/cpython-3.11.14-linux-x86_64-gnu/lib/python3.11/subprocess.py:548: in run
    with Popen(*popenargs, **kwargs) as process:
../../../.local/share/uv/python/cpython-3.11.14-linux-x86_64-gnu/lib/python3.11/subprocess.py:1026: in __init__
    self._execute_child(args, executable, preexec_fn, close_fds,
_ _ _ _ _ _ _ _ _ _ _ _ _ _ _ _ _ _ _ _ _ _ _ _ _ _ _ _ _ _ _ _ _ _ _ _ _ _ _ _ 

self = <Popen: returncode: 255 args: ['/home/billy/.cache/uv/builds-v0/.tmpoe5TMd/b...>
args = ['/home/billy/.cache/uv/builds-v0/.tmpoe5TMd/bin/python', '-c', 'import json,sys\nfrom ocm.runtime.ocm_runtime import ...d,\n"events":[e.event_hash for e in r.events]}))\n', '/tmp/pytest-of-billy/pytest-172/test_real_solve_obstruction_re0']
executable = b'/home/billy/.cache/uv/builds-v0/.tmpoe5TMd/bin/python'
preexec_fn = None, close_fds = True, pass_fds = (), cwd = None, env = None
startupinfo = None, creationflags = 0, shell = False, p2cread = -1
p2cwrite = -1, c2pread = 12, c2pwrite = 13, errread = 14, errwrite = 15
restore_signals = True, gid = None, gids = None, uid = None, umask = -1
start_new_session = False, process_group = -1

    def _execute_child(self, args, executable, preexec_fn, close_fds,
                       pass_fds, cwd, env,
                       startupinfo, creationflags, shell,
                       p2cread, p2cwrite,
                       c2pread, c2pwrite,
                       errread, errwrite,
                       restore_signals,
                       gid, gids, uid, umask,
                       start_new_session, process_group):
        """Execute program (POSIX version)"""
    
        if isinstance(args, (str, bytes)):
            args = [args]
        elif isinstance(args, os.PathLike):
            if shell:
                raise TypeError('path-like args is not allowed when '
                                'shell is true')
            args = [args]
        else:
            args = list(args)
    
        if shell:
            # On Android the default shell is at '/system/bin/sh'.
            unix_shell = ('/system/bin/sh' if
                      hasattr(sys, 'getandroidapilevel') else '/bin/sh')
            args = [unix_shell, "-c"] + args
            if executable:
                args[0] = executable
    
        if executable is None:
            executable = args[0]
    
        sys.audit("subprocess.Popen", executable, args, cwd, env)
    
        if (_USE_POSIX_SPAWN
                and os.path.dirname(executable)
                and preexec_fn is None
                and not close_fds
                and not pass_fds
                and cwd is None
                and (p2cread == -1 or p2cread > 2)
                and (c2pwrite == -1 or c2pwrite > 2)
                and (errwrite == -1 or errwrite > 2)
                and not start_new_session
                and process_group == -1
                and gid is None
                and gids is None
                and uid is None
                and umask < 0):
            self._posix_spawn(args, executable, env, restore_signals,
                              p2cread, p2cwrite,
                              c2pread, c2pwrite,
                              errread, errwrite)
            return
    
        orig_executable = executable
    
        # For transferring possible exec failure from child to parent.
        # Data format: "exception name:hex errno:description"
        # Pickle is not used; it is complex and involves memory allocation.
        errpipe_read, errpipe_write = os.pipe()
        # errpipe_write must not be in the standard io 0, 1, or 2 fd range.
        low_fds_to_close = []
        while errpipe_write < 3:
            low_fds_to_close.append(errpipe_write)
            errpipe_write = os.dup(errpipe_write)
        for low_fd in low_fds_to_close:
            os.close(low_fd)
        try:
            try:
                # We must avoid complex work that could involve
                # malloc or free in the child process to avoid
                # potential deadlocks, thus we do all this here.
                # and pass it to fork_exec()
    
                if env is not None:
                    env_list = []
                    for k, v in env.items():
                        k = os.fsencode(k)
                        if b'=' in k:
                            raise ValueError("illegal environment variable name")
                        env_list.append(k + b'=' + os.fsencode(v))
                else:
                    env_list = None  # Use execv instead of execve.
                executable = os.fsencode(executable)
                if os.path.dirname(executable):
                    executable_list = (executable,)
                else:
                    # This matches the behavior of os._execvpe().
                    executable_list = tuple(
                        os.path.join(os.fsencode(dir), executable)
                        for dir in os.get_exec_path(env))
                fds_to_keep = set(pass_fds)
                fds_to_keep.add(errpipe_write)
                self.pid = _fork_exec(
                        args, executable_list,
                        close_fds, tuple(sorted(map(int, fds_to_keep))),
                        cwd, env_list,
                        p2cread, p2cwrite, c2pread, c2pwrite,
                        errread, errwrite,
                        errpipe_read, errpipe_write,
                        restore_signals, start_new_session,
                        process_group, gid, gids, uid, umask,
                        preexec_fn, _USE_VFORK)
                self._child_created = True
            finally:
                # be sure the FD is closed no matter what
                os.close(errpipe_write)
    
            self._close_pipe_fds(p2cread, p2cwrite,
                                 c2pread, c2pwrite,
                                 errread, errwrite)
    
            # Wait for exec to fail or succeed; possibly raising an
            # exception (limited in size)
            errpipe_data = bytearray()
            while True:
                part = os.read(errpipe_read, 50000)
                errpipe_data += part
                if not part or len(errpipe_data) > 50000:
                    break
        finally:
            # be sure the FD is closed no matter what
            os.close(errpipe_read)
    
        if errpipe_data:
            try:
                pid, sts = os.waitpid(self.pid, 0)
                if pid == self.pid:
                    self._handle_exitstatus(sts)
                else:
                    self.returncode = sys.maxsize
            except ChildProcessError:
                pass
    
            try:
                exception_name, hex_errno, err_msg = (
                        errpipe_data.split(b':', 2))
                # The encoding here should match the encoding
                # written in by the subprocess implementations
                # like _posixsubprocess
                err_msg = err_msg.decode()
            except ValueError:
                exception_name = b'SubprocessError'
                hex_errno = b'0'
                err_msg = 'Bad exception data from child: {!r}'.format(
                              bytes(errpipe_data))
            child_exception_type = getattr(
                    builtins, exception_name.decode('ascii'),
                    SubprocessError)
            if issubclass(child_exception_type, OSError) and hex_errno:
                errno_num = int(hex_errno, 16)
                if err_msg == "noexec:chdir":
                    err_msg = ""
                    # The error must be from chdir(cwd).
                    err_filename = cwd
                elif err_msg == "noexec":
                    err_msg = ""
                    err_filename = None
                else:
                    err_filename = orig_executable
                if errno_num != 0:
                    err_msg = os.strerror(errno_num)
                if err_filename is not None:
>                   raise child_exception_type(errno_num, err_msg, err_filename)
E                   FileNotFoundError: [Errno 2] No such file or directory: '/home/billy/.cache/uv/builds-v0/.tmpoe5TMd/bin/python'

../../../.local/share/uv/python/cpython-3.11.14-linux-x86_64-gnu/lib/python3.11/subprocess.py:1955: FileNotFoundError
__________ test_sixteen_barrier_released_writers_form_one_valid_chain __________

tmp_path = PosixPath('/tmp/pytest-of-billy/pytest-172/test_sixteen_barrier_released_0')

    def test_sixteen_barrier_released_writers_form_one_valid_chain(tmp_path: Path) -> None:
        root = tmp_path / "state"
    
>       results = _run_writers(root, 16)

tests/m2/vendored/test_ledger_atomicity.py:130: 
_ _ _ _ _ _ _ _ _ _ _ _ _ _ _ _ _ _ _ _ _ _ _ _ _ _ _ _ _ _ _ _ _ _ _ _ _ _ _ _ 
tests/m2/vendored/test_ledger_atomicity.py:88: in _run_writers
    processes = [
tests/m2/vendored/test_ledger_atomicity.py:89: in <listcomp>
    subprocess.Popen(
../../../.local/share/uv/python/cpython-3.11.14-linux-x86_64-gnu/lib/python3.11/subprocess.py:1026: in __init__
    self._execute_child(args, executable, preexec_fn, close_fds,
_ _ _ _ _ _ _ _ _ _ _ _ _ _ _ _ _ _ _ _ _ _ _ _ _ _ _ _ _ _ _ _ _ _ _ _ _ _ _ _ 

self = <Popen: returncode: 255 args: ['/home/billy/.cache/uv/builds-v0/.tmpoe5TMd/b...>
args = ['/home/billy/.cache/uv/builds-v0/.tmpoe5TMd/bin/python', '-c', '\nimport json, os, sys, time\nfrom pathlib import Pat...en_barrier_released_0/state', '/tmp/pytest-of-billy/pytest-172/test_sixteen_barrier_released_0/ready-state', '16', ...]
executable = b'/home/billy/.cache/uv/builds-v0/.tmpoe5TMd/bin/python'
preexec_fn = None, close_fds = True, pass_fds = (), cwd = None, env = None
startupinfo = None, creationflags = 0, shell = False, p2cread = -1
p2cwrite = -1, c2pread = 12, c2pwrite = 13, errread = 14, errwrite = 15
restore_signals = True, gid = None, gids = None, uid = None, umask = -1
start_new_session = False, process_group = -1

    def _execute_child(self, args, executable, preexec_fn, close_fds,
                       pass_fds, cwd, env,
                       startupinfo, creationflags, shell,
                       p2cread, p2cwrite,
                       c2pread, c2pwrite,
                       errread, errwrite,
                       restore_signals,
                       gid, gids, uid, umask,
                       start_new_session, process_group):
        """Execute program (POSIX version)"""
    
        if isinstance(args, (str, bytes)):
            args = [args]
        elif isinstance(args, os.PathLike):
            if shell:
                raise TypeError('path-like args is not allowed when '
                                'shell is true')
            args = [args]
        else:
            args = list(args)
    
        if shell:
            # On Android the default shell is at '/system/bin/sh'.
            unix_shell = ('/system/bin/sh' if
                      hasattr(sys, 'getandroidapilevel') else '/bin/sh')
            args = [unix_shell, "-c"] + args
            if executable:
                args[0] = executable
    
        if executable is None:
            executable = args[0]
    
        sys.audit("subprocess.Popen", executable, args, cwd, env)
    
        if (_USE_POSIX_SPAWN
                and os.path.dirname(executable)
                and preexec_fn is None
                and not close_fds
                and not pass_fds
                and cwd is None
                and (p2cread == -1 or p2cread > 2)
                and (c2pwrite == -1 or c2pwrite > 2)
                and (errwrite == -1 or errwrite > 2)
                and not start_new_session
                and process_group == -1
                and gid is None
                and gids is None
                and uid is None
                and umask < 0):
            self._posix_spawn(args, executable, env, restore_signals,
                              p2cread, p2cwrite,
                              c2pread, c2pwrite,
                              errread, errwrite)
            return
    
        orig_executable = executable
    
        # For transferring possible exec failure from child to parent.
        # Data format: "exception name:hex errno:description"
        # Pickle is not used; it is complex and involves memory allocation.
        errpipe_read, errpipe_write = os.pipe()
        # errpipe_write must not be in the standard io 0, 1, or 2 fd range.
        low_fds_to_close = []
        while errpipe_write < 3:
            low_fds_to_close.append(errpipe_write)
            errpipe_write = os.dup(errpipe_write)
        for low_fd in low_fds_to_close:
            os.close(low_fd)
        try:
            try:
                # We must avoid complex work that could involve
                # malloc or free in the child process to avoid
                # potential deadlocks, thus we do all this here.
                # and pass it to fork_exec()
    
                if env is not None:
                    env_list = []
                    for k, v in env.items():
                        k = os.fsencode(k)
                        if b'=' in k:
                            raise ValueError("illegal environment variable name")
                        env_list.append(k + b'=' + os.fsencode(v))
                else:
                    env_list = None  # Use execv instead of execve.
                executable = os.fsencode(executable)
                if os.path.dirname(executable):
                    executable_list = (executable,)
                else:
                    # This matches the behavior of os._execvpe().
                    executable_list = tuple(
                        os.path.join(os.fsencode(dir), executable)
                        for dir in os.get_exec_path(env))
                fds_to_keep = set(pass_fds)
                fds_to_keep.add(errpipe_write)
                self.pid = _fork_exec(
                        args, executable_list,
                        close_fds, tuple(sorted(map(int, fds_to_keep))),
                        cwd, env_list,
                        p2cread, p2cwrite, c2pread, c2pwrite,
                        errread, errwrite,
                        errpipe_read, errpipe_write,
                        restore_signals, start_new_session,
                        process_group, gid, gids, uid, umask,
                        preexec_fn, _USE_VFORK)
                self._child_created = True
            finally:
                # be sure the FD is closed no matter what
                os.close(errpipe_write)
    
            self._close_pipe_fds(p2cread, p2cwrite,
                                 c2pread, c2pwrite,
                                 errread, errwrite)
    
            # Wait for exec to fail or succeed; possibly raising an
            # exception (limited in size)
            errpipe_data = bytearray()
            while True:
                part = os.read(errpipe_read, 50000)
                errpipe_data += part
                if not part or len(errpipe_data) > 50000:
                    break
        finally:
            # be sure the FD is closed no matter what
            os.close(errpipe_read)
    
        if errpipe_data:
            try:
                pid, sts = os.waitpid(self.pid, 0)
                if pid == self.pid:
                    self._handle_exitstatus(sts)
                else:
                    self.returncode = sys.maxsize
            except ChildProcessError:
                pass
    
            try:
                exception_name, hex_errno, err_msg = (
                        errpipe_data.split(b':', 2))
                # The encoding here should match the encoding
                # written in by the subprocess implementations
                # like _posixsubprocess
                err_msg = err_msg.decode()
            except ValueError:
                exception_name = b'SubprocessError'
                hex_errno = b'0'
                err_msg = 'Bad exception data from child: {!r}'.format(
                              bytes(errpipe_data))
            child_exception_type = getattr(
                    builtins, exception_name.decode('ascii'),
                    SubprocessError)
            if issubclass(child_exception_type, OSError) and hex_errno:
                errno_num = int(hex_errno, 16)
                if err_msg == "noexec:chdir":
                    err_msg = ""
                    # The error must be from chdir(cwd).
                    err_filename = cwd
                elif err_msg == "noexec":
                    err_msg = ""
                    err_filename = None
                else:
                    err_filename = orig_executable
                if errno_num != 0:
                    err_msg = os.strerror(errno_num)
                if err_filename is not None:
>                   raise child_exception_type(errno_num, err_msg, err_filename)
E                   FileNotFoundError: [Errno 2] No such file or directory: '/home/billy/.cache/uv/builds-v0/.tmpoe5TMd/bin/python'

../../../.local/share/uv/python/cpython-3.11.14-linux-x86_64-gnu/lib/python3.11/subprocess.py:1955: FileNotFoundError
_________________ test_same_expected_head_is_compare_and_swap __________________

tmp_path = PosixPath('/tmp/pytest-of-billy/pytest-172/test_same_expected_head_is_com0')

    def test_same_expected_head_is_compare_and_swap(tmp_path: Path) -> None:
        root = tmp_path / "state"
        store = LedgerStore(root)
        expected_head = store.append("ROUND", {"round_index": 0}).entry_hash
    
>       results = _run_writers(root, 2, expected_head=expected_head)

tests/m2/vendored/test_ledger_atomicity.py:146: 
_ _ _ _ _ _ _ _ _ _ _ _ _ _ _ _ _ _ _ _ _ _ _ _ _ _ _ _ _ _ _ _ _ _ _ _ _ _ _ _ 
tests/m2/vendored/test_ledger_atomicity.py:88: in _run_writers
    processes = [
tests/m2/vendored/test_ledger_atomicity.py:89: in <listcomp>
    subprocess.Popen(
../../../.local/share/uv/python/cpython-3.11.14-linux-x86_64-gnu/lib/python3.11/subprocess.py:1026: in __init__
    self._execute_child(args, executable, preexec_fn, close_fds,
_ _ _ _ _ _ _ _ _ _ _ _ _ _ _ _ _ _ _ _ _ _ _ _ _ _ _ _ _ _ _ _ _ _ _ _ _ _ _ _ 

self = <Popen: returncode: 255 args: ['/home/billy/.cache/uv/builds-v0/.tmpoe5TMd/b...>
args = ['/home/billy/.cache/uv/builds-v0/.tmpoe5TMd/bin/python', '-c', '\nimport json, os, sys, time\nfrom pathlib import Pat..._expected_head_is_com0/state', '/tmp/pytest-of-billy/pytest-172/test_same_expected_head_is_com0/ready-state', '2', ...]
executable = b'/home/billy/.cache/uv/builds-v0/.tmpoe5TMd/bin/python'
preexec_fn = None, close_fds = True, pass_fds = (), cwd = None, env = None
startupinfo = None, creationflags = 0, shell = False, p2cread = -1
p2cwrite = -1, c2pread = 12, c2pwrite = 13, errread = 14, errwrite = 15
restore_signals = True, gid = None, gids = None, uid = None, umask = -1
start_new_session = False, process_group = -1

    def _execute_child(self, args, executable, preexec_fn, close_fds,
                       pass_fds, cwd, env,
                       startupinfo, creationflags, shell,
                       p2cread, p2cwrite,
                       c2pread, c2pwrite,
                       errread, errwrite,
                       restore_signals,
                       gid, gids, uid, umask,
                       start_new_session, process_group):
        """Execute program (POSIX version)"""
    
        if isinstance(args, (str, bytes)):
            args = [args]
        elif isinstance(args, os.PathLike):
            if shell:
                raise TypeError('path-like args is not allowed when '
                                'shell is true')
            args = [args]
        else:
            args = list(args)
    
        if shell:
            # On Android the default shell is at '/system/bin/sh'.
            unix_shell = ('/system/bin/sh' if
                      hasattr(sys, 'getandroidapilevel') else '/bin/sh')
            args = [unix_shell, "-c"] + args
            if executable:
                args[0] = executable
    
        if executable is None:
            executable = args[0]
    
        sys.audit("subprocess.Popen", executable, args, cwd, env)
    
        if (_USE_POSIX_SPAWN
                and os.path.dirname(executable)
                and preexec_fn is None
                and not close_fds
                and not pass_fds
                and cwd is None
                and (p2cread == -1 or p2cread > 2)
                and (c2pwrite == -1 or c2pwrite > 2)
                and (errwrite == -1 or errwrite > 2)
                and not start_new_session
                and process_group == -1
                and gid is None
                and gids is None
                and uid is None
                and umask < 0):
            self._posix_spawn(args, executable, env, restore_signals,
                              p2cread, p2cwrite,
                              c2pread, c2pwrite,
                              errread, errwrite)
            return
    
        orig_executable = executable
    
        # For transferring possible exec failure from child to parent.
        # Data format: "exception name:hex errno:description"
        # Pickle is not used; it is complex and involves memory allocation.
        errpipe_read, errpipe_write = os.pipe()
        # errpipe_write must not be in the standard io 0, 1, or 2 fd range.
        low_fds_to_close = []
        while errpipe_write < 3:
            low_fds_to_close.append(errpipe_write)
            errpipe_write = os.dup(errpipe_write)
        for low_fd in low_fds_to_close:
            os.close(low_fd)
        try:
            try:
                # We must avoid complex work that could involve
                # malloc or free in the child process to avoid
                # potential deadlocks, thus we do all this here.
                # and pass it to fork_exec()
    
                if env is not None:
                    env_list = []
                    for k, v in env.items():
                        k = os.fsencode(k)
                        if b'=' in k:
                            raise ValueError("illegal environment variable name")
                        env_list.append(k + b'=' + os.fsencode(v))
                else:
                    env_list = None  # Use execv instead of execve.
                executable = os.fsencode(executable)
                if os.path.dirname(executable):
                    executable_list = (executable,)
                else:
                    # This matches the behavior of os._execvpe().
                    executable_list = tuple(
                        os.path.join(os.fsencode(dir), executable)
                        for dir in os.get_exec_path(env))
                fds_to_keep = set(pass_fds)
                fds_to_keep.add(errpipe_write)
                self.pid = _fork_exec(
                        args, executable_list,
                        close_fds, tuple(sorted(map(int, fds_to_keep))),
                        cwd, env_list,
                        p2cread, p2cwrite, c2pread, c2pwrite,
                        errread, errwrite,
                        errpipe_read, errpipe_write,
                        restore_signals, start_new_session,
                        process_group, gid, gids, uid, umask,
                        preexec_fn, _USE_VFORK)
                self._child_created = True
            finally:
                # be sure the FD is closed no matter what
                os.close(errpipe_write)
    
            self._close_pipe_fds(p2cread, p2cwrite,
                                 c2pread, c2pwrite,
                                 errread, errwrite)
    
            # Wait for exec to fail or succeed; possibly raising an
            # exception (limited in size)
            errpipe_data = bytearray()
            while True:
                part = os.read(errpipe_read, 50000)
                errpipe_data += part
                if not part or len(errpipe_data) > 50000:
                    break
        finally:
            # be sure the FD is closed no matter what
            os.close(errpipe_read)
    
        if errpipe_data:
            try:
                pid, sts = os.waitpid(self.pid, 0)
                if pid == self.pid:
                    self._handle_exitstatus(sts)
                else:
                    self.returncode = sys.maxsize
            except ChildProcessError:
                pass
    
            try:
                exception_name, hex_errno, err_msg = (
                        errpipe_data.split(b':', 2))
                # The encoding here should match the encoding
                # written in by the subprocess implementations
                # like _posixsubprocess
                err_msg = err_msg.decode()
            except ValueError:
                exception_name = b'SubprocessError'
                hex_errno = b'0'
                err_msg = 'Bad exception data from child: {!r}'.format(
                              bytes(errpipe_data))
            child_exception_type = getattr(
                    builtins, exception_name.decode('ascii'),
                    SubprocessError)
            if issubclass(child_exception_type, OSError) and hex_errno:
                errno_num = int(hex_errno, 16)
                if err_msg == "noexec:chdir":
                    err_msg = ""
                    # The error must be from chdir(cwd).
                    err_filename = cwd
                elif err_msg == "noexec":
                    err_msg = ""
                    err_filename = None
                else:
                    err_filename = orig_executable
                if errno_num != 0:
                    err_msg = os.strerror(errno_num)
                if err_filename is not None:
>                   raise child_exception_type(errno_num, err_msg, err_filename)
E                   FileNotFoundError: [Errno 2] No such file or directory: '/home/billy/.cache/uv/builds-v0/.tmpoe5TMd/bin/python'

../../../.local/share/uv/python/cpython-3.11.14-linux-x86_64-gnu/lib/python3.11/subprocess.py:1955: FileNotFoundError
__________ test_differently_named_recorder_cannot_run_a_decoy_python ___________

tmp_path = PosixPath('/tmp/pytest-of-billy/pytest-172/test_differently_named_recorde0')
monkeypatch = <_pytest.monkeypatch.MonkeyPatch object at 0x7efce195a150>

    def test_differently_named_recorder_cannot_run_a_decoy_python(tmp_path, monkeypatch):
        selected = tmp_path / "selected-python3"
        selected.symlink_to(sys.executable)
        decoy = tmp_path / "python"
        decoy.write_text("#!/bin/sh\necho WRONG_INTERPRETER\nexit 17\n")
        decoy.chmod(0o755)
        monkeypatch.setattr(R.sys, "executable", str(selected))
        env = dict(os.environ)
        env["PATH"] = str(tmp_path)
        log = tmp_path / "gate.log"
        with log.open("wb") as output:
>           result = R.execute_gate(["python", "-c", "print('SELECTED_INTERPRETER')"], tmp_path, env, output)

tests/test_engineering_recorder.py:26: 
_ _ _ _ _ _ _ _ _ _ _ _ _ _ _ _ _ _ _ _ _ _ _ _ _ _ _ _ _ _ _ _ _ _ _ _ _ _ _ _ 
tools/record_engineering_revision.py:19: in execute_gate
    return subprocess.run([sys.executable, *argv[1:]], executable=sys.executable, cwd=root, env=env,
../../../.local/share/uv/python/cpython-3.11.14-linux-x86_64-gnu/lib/python3.11/subprocess.py:548: in run
    with Popen(*popenargs, **kwargs) as process:
../../../.local/share/uv/python/cpython-3.11.14-linux-x86_64-gnu/lib/python3.11/subprocess.py:1026: in __init__
    self._execute_child(args, executable, preexec_fn, close_fds,
_ _ _ _ _ _ _ _ _ _ _ _ _ _ _ _ _ _ _ _ _ _ _ _ _ _ _ _ _ _ _ _ _ _ _ _ _ _ _ _ 

self = <Popen: returncode: 255 args: ['/tmp/pytest-of-billy/pytest-172/test_differe...>
args = ['/tmp/pytest-of-billy/pytest-172/test_differently_named_recorde0/selected-python3', '-c', "print('SELECTED_INTERPRETER')"]
executable = b'/tmp/pytest-of-billy/pytest-172/test_differently_named_recorde0/selected-python3'
preexec_fn = None, close_fds = True, pass_fds = ()
cwd = PosixPath('/tmp/pytest-of-billy/pytest-172/test_differently_named_recorde0')
env = {'DBUS_SESSION_BUS_ADDRESS': 'unix:path=/run/user/1000/bus', 'HOME': '/home/billy', 'LANG': 'C.UTF-8', 'LC_ALL': 'C.UTF-8', ...}
startupinfo = None, creationflags = 0, shell = False, p2cread = -1
p2cwrite = -1, c2pread = -1, c2pwrite = 12, errread = -1, errwrite = 12
restore_signals = True, gid = None, gids = None, uid = None, umask = -1
start_new_session = False, process_group = -1

    def _execute_child(self, args, executable, preexec_fn, close_fds,
                       pass_fds, cwd, env,
                       startupinfo, creationflags, shell,
                       p2cread, p2cwrite,
                       c2pread, c2pwrite,
                       errread, errwrite,
                       restore_signals,
                       gid, gids, uid, umask,
                       start_new_session, process_group):
        """Execute program (POSIX version)"""
    
        if isinstance(args, (str, bytes)):
            args = [args]
        elif isinstance(args, os.PathLike):
            if shell:
                raise TypeError('path-like args is not allowed when '
                                'shell is true')
            args = [args]
        else:
            args = list(args)
    
        if shell:
            # On Android the default shell is at '/system/bin/sh'.
            unix_shell = ('/system/bin/sh' if
                      hasattr(sys, 'getandroidapilevel') else '/bin/sh')
            args = [unix_shell, "-c"] + args
            if executable:
                args[0] = executable
    
        if executable is None:
            executable = args[0]
    
        sys.audit("subprocess.Popen", executable, args, cwd, env)
    
        if (_USE_POSIX_SPAWN
                and os.path.dirname(executable)
                and preexec_fn is None
                and not close_fds
                and not pass_fds
                and cwd is None
                and (p2cread == -1 or p2cread > 2)
                and (c2pwrite == -1 or c2pwrite > 2)
                and (errwrite == -1 or errwrite > 2)
                and not start_new_session
                and process_group == -1
                and gid is None
                and gids is None
                and uid is None
                and umask < 0):
            self._posix_spawn(args, executable, env, restore_signals,
                              p2cread, p2cwrite,
                              c2pread, c2pwrite,
                              errread, errwrite)
            return
    
        orig_executable = executable
    
        # For transferring possible exec failure from child to parent.
        # Data format: "exception name:hex errno:description"
        # Pickle is not used; it is complex and involves memory allocation.
        errpipe_read, errpipe_write = os.pipe()
        # errpipe_write must not be in the standard io 0, 1, or 2 fd range.
        low_fds_to_close = []
        while errpipe_write < 3:
            low_fds_to_close.append(errpipe_write)
            errpipe_write = os.dup(errpipe_write)
        for low_fd in low_fds_to_close:
            os.close(low_fd)
        try:
            try:
                # We must avoid complex work that could involve
                # malloc or free in the child process to avoid
                # potential deadlocks, thus we do all this here.
                # and pass it to fork_exec()
    
                if env is not None:
                    env_list = []
                    for k, v in env.items():
                        k = os.fsencode(k)
                        if b'=' in k:
                            raise ValueError("illegal environment variable name")
                        env_list.append(k + b'=' + os.fsencode(v))
                else:
                    env_list = None  # Use execv instead of execve.
                executable = os.fsencode(executable)
                if os.path.dirname(executable):
                    executable_list = (executable,)
                else:
                    # This matches the behavior of os._execvpe().
                    executable_list = tuple(
                        os.path.join(os.fsencode(dir), executable)
                        for dir in os.get_exec_path(env))
                fds_to_keep = set(pass_fds)
                fds_to_keep.add(errpipe_write)
                self.pid = _fork_exec(
                        args, executable_list,
                        close_fds, tuple(sorted(map(int, fds_to_keep))),
                        cwd, env_list,
                        p2cread, p2cwrite, c2pread, c2pwrite,
                        errread, errwrite,
                        errpipe_read, errpipe_write,
                        restore_signals, start_new_session,
                        process_group, gid, gids, uid, umask,
                        preexec_fn, _USE_VFORK)
                self._child_created = True
            finally:
                # be sure the FD is closed no matter what
                os.close(errpipe_write)
    
            self._close_pipe_fds(p2cread, p2cwrite,
                                 c2pread, c2pwrite,
                                 errread, errwrite)
    
            # Wait for exec to fail or succeed; possibly raising an
            # exception (limited in size)
            errpipe_data = bytearray()
            while True:
                part = os.read(errpipe_read, 50000)
                errpipe_data += part
                if not part or len(errpipe_data) > 50000:
                    break
        finally:
            # be sure the FD is closed no matter what
            os.close(errpipe_read)
    
        if errpipe_data:
            try:
                pid, sts = os.waitpid(self.pid, 0)
                if pid == self.pid:
                    self._handle_exitstatus(sts)
                else:
                    self.returncode = sys.maxsize
            except ChildProcessError:
                pass
    
            try:
                exception_name, hex_errno, err_msg = (
                        errpipe_data.split(b':', 2))
                # The encoding here should match the encoding
                # written in by the subprocess implementations
                # like _posixsubprocess
                err_msg = err_msg.decode()
            except ValueError:
                exception_name = b'SubprocessError'
                hex_errno = b'0'
                err_msg = 'Bad exception data from child: {!r}'.format(
                              bytes(errpipe_data))
            child_exception_type = getattr(
                    builtins, exception_name.decode('ascii'),
                    SubprocessError)
            if issubclass(child_exception_type, OSError) and hex_errno:
                errno_num = int(hex_errno, 16)
                if err_msg == "noexec:chdir":
                    err_msg = ""
                    # The error must be from chdir(cwd).
                    err_filename = cwd
                elif err_msg == "noexec":
                    err_msg = ""
                    err_filename = None
                else:
                    err_filename = orig_executable
                if errno_num != 0:
                    err_msg = os.strerror(errno_num)
                if err_filename is not None:
>                   raise child_exception_type(errno_num, err_msg, err_filename)
E                   FileNotFoundError: [Errno 2] No such file or directory: '/tmp/pytest-of-billy/pytest-172/test_differently_named_recorde0/selected-python3'

../../../.local/share/uv/python/cpython-3.11.14-linux-x86_64-gnu/lib/python3.11/subprocess.py:1955: FileNotFoundError
_____ test_kso_column_joins_the_table_and_a_bad_column_is_could_not_check ______

m = <module 'kso_m2_comparator_v1' from '/home/billy/orion-director-work/20260906/ocm-completion-comparator/research/orion-machine/reference/kso_m2_comparator_v1.py'>
body = {'authority': 'development split; comparator table and budget matching only; no solve-loop, protected or novelty autho...ant': 12, 'exact_p_two_sided': 0.00048828125, 'n': 50, ...}}, ...}, 'contract': 'KnowledgeSpace.v1-M2-comparator', ...}
tmp_path = PosixPath('/tmp/pytest-of-billy/pytest-172/test_kso_column_joins_the_tabl0')

    def test_kso_column_joins_the_table_and_a_bad_column_is_could_not_check(m, body, tmp_path):
        col = {"instances": [{"instance_id": r["instance_id"],
                              "arms": {m.KSO_COL: {"answer": r["arms"][m.B5]["answer"], "exact": r["arms"][m.B5]["exact"],
                                                   "status": "SCORED", "attribution": "", "navigation_outcome": "FOUND",
                                                   "translator_invariant": True, "budget": r["arms"][m.RWR]["budget"]}}}
                             for r in body["instances"]]}
        joined = m.run(kso_column={row["instance_id"]: row["arms"][m.KSO_COL] for row in col["instances"]})
        assert joined["per_arm"][m.KSO_COL]["exact"] == 50 and joined["terminals"]["PARENT_SUFFICIENT"] == "YES"
        assert any(t["x"] == m.KSO_COL and t["y"] == m.B5 for t in joined["paired"])
        partial = {k: v for k, v in list({row["instance_id"]: row["arms"][m.KSO_COL] for row in col["instances"]}.items())[:10]}
        with pytest.raises(m.CannotCheck):
            m.run(kso_column=partial)
        # the join is refused when the KSO column was scored on a different graph
        wrong_graph = {row["instance_id"]: {**row["arms"][m.KSO_COL], "_graph_sha256": "0" * 64} for row in col["instances"]}
        with pytest.raises(m.CannotCheck, match="did not see the same graph"):
            m.run(kso_column=wrong_graph)
        same_graph = {r["instance_id"]: {**col["instances"][i]["arms"][m.KSO_COL], "_graph_sha256": r["graph"]["sha256"]} for i, r in enumerate(body["instances"])}
        assert m.run(kso_column=same_graph)["per_arm"][m.KSO_COL]["exact"] == 50
        bad = tmp_path / "bad.json"
        bad.write_text("{not json")
>       proc = subprocess.run([sys.executable, str(MOD), "--no-repro-check", "--kso-column", str(bad)], capture_output=True, text=True)

tests/unit/test_kso_m2_comparator_v1.py:152: 
_ _ _ _ _ _ _ _ _ _ _ _ _ _ _ _ _ _ _ _ _ _ _ _ _ _ _ _ _ _ _ _ _ _ _ _ _ _ _ _ 
../../../.local/share/uv/python/cpython-3.11.14-linux-x86_64-gnu/lib/python3.11/subprocess.py:548: in run
    with Popen(*popenargs, **kwargs) as process:
../../../.local/share/uv/python/cpython-3.11.14-linux-x86_64-gnu/lib/python3.11/subprocess.py:1026: in __init__
    self._execute_child(args, executable, preexec_fn, close_fds,
_ _ _ _ _ _ _ _ _ _ _ _ _ _ _ _ _ _ _ _ _ _ _ _ _ _ _ _ _ _ _ _ _ _ _ _ _ _ _ _ 

self = <Popen: returncode: 255 args: ['/home/billy/.cache/uv/builds-v0/.tmpoe5TMd/b...>
args = ['/home/billy/.cache/uv/builds-v0/.tmpoe5TMd/bin/python', '/home/billy/orion-director-work/20260906/ocm-completion-com...v1.py', '--no-repro-check', '--kso-column', '/tmp/pytest-of-billy/pytest-172/test_kso_column_joins_the_tabl0/bad.json']
executable = b'/home/billy/.cache/uv/builds-v0/.tmpoe5TMd/bin/python'
preexec_fn = None, close_fds = True, pass_fds = (), cwd = None, env = None
startupinfo = None, creationflags = 0, shell = False, p2cread = -1
p2cwrite = -1, c2pread = 12, c2pwrite = 13, errread = 14, errwrite = 15
restore_signals = True, gid = None, gids = None, uid = None, umask = -1
start_new_session = False, process_group = -1

    def _execute_child(self, args, executable, preexec_fn, close_fds,
                       pass_fds, cwd, env,
                       startupinfo, creationflags, shell,
                       p2cread, p2cwrite,
                       c2pread, c2pwrite,
                       errread, errwrite,
                       restore_signals,
                       gid, gids, uid, umask,
                       start_new_session, process_group):
        """Execute program (POSIX version)"""
    
        if isinstance(args, (str, bytes)):
            args = [args]
        elif isinstance(args, os.PathLike):
            if shell:
                raise TypeError('path-like args is not allowed when '
                                'shell is true')
            args = [args]
        else:
            args = list(args)
    
        if shell:
            # On Android the default shell is at '/system/bin/sh'.
            unix_shell = ('/system/bin/sh' if
                      hasattr(sys, 'getandroidapilevel') else '/bin/sh')
            args = [unix_shell, "-c"] + args
            if executable:
                args[0] = executable
    
        if executable is None:
            executable = args[0]
    
        sys.audit("subprocess.Popen", executable, args, cwd, env)
    
        if (_USE_POSIX_SPAWN
                and os.path.dirname(executable)
                and preexec_fn is None
                and not close_fds
                and not pass_fds
                and cwd is None
                and (p2cread == -1 or p2cread > 2)
                and (c2pwrite == -1 or c2pwrite > 2)
                and (errwrite == -1 or errwrite > 2)
                and not start_new_session
                and process_group == -1
                and gid is None
                and gids is None
                and uid is None
                and umask < 0):
            self._posix_spawn(args, executable, env, restore_signals,
                              p2cread, p2cwrite,
                              c2pread, c2pwrite,
                              errread, errwrite)
            return
    
        orig_executable = executable
    
        # For transferring possible exec failure from child to parent.
        # Data format: "exception name:hex errno:description"
        # Pickle is not used; it is complex and involves memory allocation.
        errpipe_read, errpipe_write = os.pipe()
        # errpipe_write must not be in the standard io 0, 1, or 2 fd range.
        low_fds_to_close = []
        while errpipe_write < 3:
            low_fds_to_close.append(errpipe_write)
            errpipe_write = os.dup(errpipe_write)
        for low_fd in low_fds_to_close:
            os.close(low_fd)
        try:
            try:
                # We must avoid complex work that could involve
                # malloc or free in the child process to avoid
                # potential deadlocks, thus we do all this here.
                # and pass it to fork_exec()
    
                if env is not None:
                    env_list = []
                    for k, v in env.items():
                        k = os.fsencode(k)
                        if b'=' in k:
                            raise ValueError("illegal environment variable name")
                        env_list.append(k + b'=' + os.fsencode(v))
                else:
                    env_list = None  # Use execv instead of execve.
                executable = os.fsencode(executable)
                if os.path.dirname(executable):
                    executable_list = (executable,)
                else:
                    # This matches the behavior of os._execvpe().
                    executable_list = tuple(
                        os.path.join(os.fsencode(dir), executable)
                        for dir in os.get_exec_path(env))
                fds_to_keep = set(pass_fds)
                fds_to_keep.add(errpipe_write)
                self.pid = _fork_exec(
                        args, executable_list,
                        close_fds, tuple(sorted(map(int, fds_to_keep))),
                        cwd, env_list,
                        p2cread, p2cwrite, c2pread, c2pwrite,
                        errread, errwrite,
                        errpipe_read, errpipe_write,
                        restore_signals, start_new_session,
                        process_group, gid, gids, uid, umask,
                        preexec_fn, _USE_VFORK)
                self._child_created = True
            finally:
                # be sure the FD is closed no matter what
                os.close(errpipe_write)
    
            self._close_pipe_fds(p2cread, p2cwrite,
                                 c2pread, c2pwrite,
                                 errread, errwrite)
    
            # Wait for exec to fail or succeed; possibly raising an
            # exception (limited in size)
            errpipe_data = bytearray()
            while True:
                part = os.read(errpipe_read, 50000)
                errpipe_data += part
                if not part or len(errpipe_data) > 50000:
                    break
        finally:
            # be sure the FD is closed no matter what
            os.close(errpipe_read)
    
        if errpipe_data:
            try:
                pid, sts = os.waitpid(self.pid, 0)
                if pid == self.pid:
                    self._handle_exitstatus(sts)
                else:
                    self.returncode = sys.maxsize
            except ChildProcessError:
                pass
    
            try:
                exception_name, hex_errno, err_msg = (
                        errpipe_data.split(b':', 2))
                # The encoding here should match the encoding
                # written in by the subprocess implementations
                # like _posixsubprocess
                err_msg = err_msg.decode()
            except ValueError:
                exception_name = b'SubprocessError'
                hex_errno = b'0'
                err_msg = 'Bad exception data from child: {!r}'.format(
                              bytes(errpipe_data))
            child_exception_type = getattr(
                    builtins, exception_name.decode('ascii'),
                    SubprocessError)
            if issubclass(child_exception_type, OSError) and hex_errno:
                errno_num = int(hex_errno, 16)
                if err_msg == "noexec:chdir":
                    err_msg = ""
                    # The error must be from chdir(cwd).
                    err_filename = cwd
                elif err_msg == "noexec":
                    err_msg = ""
                    err_filename = None
                else:
                    err_filename = orig_executable
                if errno_num != 0:
                    err_msg = os.strerror(errno_num)
                if err_filename is not None:
>                   raise child_exception_type(errno_num, err_msg, err_filename)
E                   FileNotFoundError: [Errno 2] No such file or directory: '/home/billy/.cache/uv/builds-v0/.tmpoe5TMd/bin/python'

../../../.local/share/uv/python/cpython-3.11.14-linux-x86_64-gnu/lib/python3.11/subprocess.py:1955: FileNotFoundError
_____________________________ test_cli_exit_codes ______________________________

tmp_path = PosixPath('/tmp/pytest-of-billy/pytest-172/test_cli_exit_codes0')

    def test_cli_exit_codes(tmp_path):
>       ok = subprocess.run([sys.executable, str(MOD), "--no-repro-check"], capture_output=True, text=True)

tests/unit/test_kso_m2_comparator_v1.py:211: 
_ _ _ _ _ _ _ _ _ _ _ _ _ _ _ _ _ _ _ _ _ _ _ _ _ _ _ _ _ _ _ _ _ _ _ _ _ _ _ _ 
../../../.local/share/uv/python/cpython-3.11.14-linux-x86_64-gnu/lib/python3.11/subprocess.py:548: in run
    with Popen(*popenargs, **kwargs) as process:
../../../.local/share/uv/python/cpython-3.11.14-linux-x86_64-gnu/lib/python3.11/subprocess.py:1026: in __init__
    self._execute_child(args, executable, preexec_fn, close_fds,
_ _ _ _ _ _ _ _ _ _ _ _ _ _ _ _ _ _ _ _ _ _ _ _ _ _ _ _ _ _ _ _ _ _ _ _ _ _ _ _ 

self = <Popen: returncode: 255 args: ['/home/billy/.cache/uv/builds-v0/.tmpoe5TMd/b...>
args = ['/home/billy/.cache/uv/builds-v0/.tmpoe5TMd/bin/python', '/home/billy/orion-director-work/20260906/ocm-completion-comparator/research/orion-machine/reference/kso_m2_comparator_v1.py', '--no-repro-check']
executable = b'/home/billy/.cache/uv/builds-v0/.tmpoe5TMd/bin/python'
preexec_fn = None, close_fds = True, pass_fds = (), cwd = None, env = None
startupinfo = None, creationflags = 0, shell = False, p2cread = -1
p2cwrite = -1, c2pread = 12, c2pwrite = 13, errread = 14, errwrite = 15
restore_signals = True, gid = None, gids = None, uid = None, umask = -1
start_new_session = False, process_group = -1

    def _execute_child(self, args, executable, preexec_fn, close_fds,
                       pass_fds, cwd, env,
                       startupinfo, creationflags, shell,
                       p2cread, p2cwrite,
                       c2pread, c2pwrite,
                       errread, errwrite,
                       restore_signals,
                       gid, gids, uid, umask,
                       start_new_session, process_group):
        """Execute program (POSIX version)"""
    
        if isinstance(args, (str, bytes)):
            args = [args]
        elif isinstance(args, os.PathLike):
            if shell:
                raise TypeError('path-like args is not allowed when '
                                'shell is true')
            args = [args]
        else:
            args = list(args)
    
        if shell:
            # On Android the default shell is at '/system/bin/sh'.
            unix_shell = ('/system/bin/sh' if
                      hasattr(sys, 'getandroidapilevel') else '/bin/sh')
            args = [unix_shell, "-c"] + args
            if executable:
                args[0] = executable
    
        if executable is None:
            executable = args[0]
    
        sys.audit("subprocess.Popen", executable, args, cwd, env)
    
        if (_USE_POSIX_SPAWN
                and os.path.dirname(executable)
                and preexec_fn is None
                and not close_fds
                and not pass_fds
                and cwd is None
                and (p2cread == -1 or p2cread > 2)
                and (c2pwrite == -1 or c2pwrite > 2)
                and (errwrite == -1 or errwrite > 2)
                and not start_new_session
                and process_group == -1
                and gid is None
                and gids is None
                and uid is None
                and umask < 0):
            self._posix_spawn(args, executable, env, restore_signals,
                              p2cread, p2cwrite,
                              c2pread, c2pwrite,
                              errread, errwrite)
            return
    
        orig_executable = executable
    
        # For transferring possible exec failure from child to parent.
        # Data format: "exception name:hex errno:description"
        # Pickle is not used; it is complex and involves memory allocation.
        errpipe_read, errpipe_write = os.pipe()
        # errpipe_write must not be in the standard io 0, 1, or 2 fd range.
        low_fds_to_close = []
        while errpipe_write < 3:
            low_fds_to_close.append(errpipe_write)
            errpipe_write = os.dup(errpipe_write)
        for low_fd in low_fds_to_close:
            os.close(low_fd)
        try:
            try:
                # We must avoid complex work that could involve
                # malloc or free in the child process to avoid
                # potential deadlocks, thus we do all this here.
                # and pass it to fork_exec()
    
                if env is not None:
                    env_list = []
                    for k, v in env.items():
                        k = os.fsencode(k)
                        if b'=' in k:
                            raise ValueError("illegal environment variable name")
                        env_list.append(k + b'=' + os.fsencode(v))
                else:
                    env_list = None  # Use execv instead of execve.
                executable = os.fsencode(executable)
                if os.path.dirname(executable):
                    executable_list = (executable,)
                else:
                    # This matches the behavior of os._execvpe().
                    executable_list = tuple(
                        os.path.join(os.fsencode(dir), executable)
                        for dir in os.get_exec_path(env))
                fds_to_keep = set(pass_fds)
                fds_to_keep.add(errpipe_write)
                self.pid = _fork_exec(
                        args, executable_list,
                        close_fds, tuple(sorted(map(int, fds_to_keep))),
                        cwd, env_list,
                        p2cread, p2cwrite, c2pread, c2pwrite,
                        errread, errwrite,
                        errpipe_read, errpipe_write,
                        restore_signals, start_new_session,
                        process_group, gid, gids, uid, umask,
                        preexec_fn, _USE_VFORK)
                self._child_created = True
            finally:
                # be sure the FD is closed no matter what
                os.close(errpipe_write)
    
            self._close_pipe_fds(p2cread, p2cwrite,
                                 c2pread, c2pwrite,
                                 errread, errwrite)
    
            # Wait for exec to fail or succeed; possibly raising an
            # exception (limited in size)
            errpipe_data = bytearray()
            while True:
                part = os.read(errpipe_read, 50000)
                errpipe_data += part
                if not part or len(errpipe_data) > 50000:
                    break
        finally:
            # be sure the FD is closed no matter what
            os.close(errpipe_read)
    
        if errpipe_data:
            try:
                pid, sts = os.waitpid(self.pid, 0)
                if pid == self.pid:
                    self._handle_exitstatus(sts)
                else:
                    self.returncode = sys.maxsize
            except ChildProcessError:
                pass
    
            try:
                exception_name, hex_errno, err_msg = (
                        errpipe_data.split(b':', 2))
                # The encoding here should match the encoding
                # written in by the subprocess implementations
                # like _posixsubprocess
                err_msg = err_msg.decode()
            except ValueError:
                exception_name = b'SubprocessError'
                hex_errno = b'0'
                err_msg = 'Bad exception data from child: {!r}'.format(
                              bytes(errpipe_data))
            child_exception_type = getattr(
                    builtins, exception_name.decode('ascii'),
                    SubprocessError)
            if issubclass(child_exception_type, OSError) and hex_errno:
                errno_num = int(hex_errno, 16)
                if err_msg == "noexec:chdir":
                    err_msg = ""
                    # The error must be from chdir(cwd).
                    err_filename = cwd
                elif err_msg == "noexec":
                    err_msg = ""
                    err_filename = None
                else:
                    err_filename = orig_executable
                if errno_num != 0:
                    err_msg = os.strerror(errno_num)
                if err_filename is not None:
>                   raise child_exception_type(errno_num, err_msg, err_filename)
E                   FileNotFoundError: [Errno 2] No such file or directory: '/home/billy/.cache/uv/builds-v0/.tmpoe5TMd/bin/python'

../../../.local/share/uv/python/cpython-3.11.14-linux-x86_64-gnu/lib/python3.11/subprocess.py:1955: FileNotFoundError
- generated xml file: /home/billy/orion-director-work/20260906/ocm-completion-comparator/docs/provenance/engineering_revisions/runs/267b5ec67e706918a1987c7f98b41e1e682ace8bfeddc169dbf38c4a92be31a2/add8359238e340e0/FULL_SUITE.xml -
=========================== short test summary info ============================
ERROR tests/test_distribution.py::test_clean_wheel_chat_learns_queries_and_restarts
ERROR tests/test_distribution.py::test_repository_audit_routes_report_absent_custody_without_traceback[status]
ERROR tests/test_distribution.py::test_repository_audit_routes_report_absent_custody_without_traceback[demo]
ERROR tests/test_distribution.py::test_clean_wheel_help_describes_chat_and_audit_scopes
ERROR tests/test_distribution.py::test_installed_method_learning_needs_no_repository_or_test_imports
ERROR tests/test_distribution.py::test_installed_comparator_and_evaluation_bootstraps_use_runtime_only
FAILED tests/m2/test_event_reducer_consistency.py::test_two_dead_parent_refusals_apply_quarantine_without_admitting_atoms
FAILED tests/m2/test_event_reducer_consistency.py::test_real_solve_obstruction_records_non_authoritative_jump_live_and_replays
FAILED tests/m2/vendored/test_ledger_atomicity.py::test_sixteen_barrier_released_writers_form_one_valid_chain
FAILED tests/m2/vendored/test_ledger_atomicity.py::test_same_expected_head_is_compare_and_swap
FAILED tests/test_engineering_recorder.py::test_differently_named_recorder_cannot_run_a_decoy_python
FAILED tests/unit/test_kso_m2_comparator_v1.py::test_kso_column_joins_the_table_and_a_bad_column_is_could_not_check
FAILED tests/unit/test_kso_m2_comparator_v1.py::test_cli_exit_codes - FileNot...
7 failed, 1165 passed, 6 errors in 266.74s (0:04:26)
